source,target,direction,model,feature_group,contribution_mean,contribution_median,contribution_sd,sign_consistency,mean_abs_shap_log
hust,luh,hust_to_luh,catboost,capacity_level_retention,-0.048753470779827716,-0.04897538438505939,0.09565535042903969,0.6,0.04317210358316713
hust,luh,hust_to_luh,catboost,curvature_acceleration,0.11554335183224987,0.07948408198965388,0.1095192089115761,0.8,0.11085443243372725
hust,luh,hust_to_luh,catboost,spectral_entropy,-0.021701747956490776,-0.025531201085104503,0.026233143529010364,0.8,0.032508883998780526
hust,luh,hust_to_luh,catboost,trend_decay_timing,0.014947445504841377,-0.01923414883793778,0.13224600559724736,0.6,0.10705592779773924
hust,luh,hust_to_luh,catboost,variability_events,-0.04217437087503381,-0.0462321453671043,0.15121673919339845,0.6,0.08502527091785445
hust,luh,hust_to_luh,random_forest,capacity_level_retention,0.021693979276968846,0.027026872016183832,0.01028025790385546,1.0,0.029626620793843806
hust,luh,hust_to_luh,random_forest,curvature_acceleration,0.13832879584062213,0.17849217409465565,0.0751237168690906,1.0,0.11506202694315415
hust,luh,hust_to_luh,random_forest,spectral_entropy,-0.004298388171581699,-0.0033380835992931437,0.0076766683002534464,0.6,0.01849738636229484
hust,luh,hust_to_luh,random_forest,trend_decay_timing,0.13144791380849719,0.0792017920709255,0.08906825345601506,1.0,0.08818243366774041
hust,luh,hust_to_luh,random_forest,variability_events,-0.04635005286733626,-0.024704918232134457,0.04070705585747927,1.0,0.04573698831529762
hust,matr,hust_to_matr,catboost,capacity_level_retention,-0.010365056073535116,-0.019879169123328003,0.03505425146021151,0.6,0.01717987119223708
hust,matr,hust_to_matr,catboost,curvature_acceleration,-0.024551365098072868,-0.02595351801078216,0.036108822351498045,0.8,0.06131832723569334
hust,matr,hust_to_matr,catboost,spectral_entropy,0.009704419072366233,0.009234975187156796,0.013467515910687717,0.8,0.017596761371775304
hust,matr,hust_to_matr,catboost,trend_decay_timing,0.20649059880690226,0.21733447669527128,0.0675670439969026,1.0,0.050550142400020384
hust,matr,hust_to_matr,catboost,variability_events,0.08625044860418989,0.08687367538495466,0.044429552956254434,1.0,0.06307540278185145
hust,matr,hust_to_matr,random_forest,capacity_level_retention,-0.02093243731657503,-0.02011961309534005,0.005545658999244985,1.0,0.015418411193345295
hust,matr,hust_to_matr,random_forest,curvature_acceleration,0.09266366233618231,0.11214722168564792,0.045075885568069775,1.0,0.0550226370955315
hust,matr,hust_to_matr,random_forest,spectral_entropy,0.0058370340825318915,0.005381626586710066,0.008581926823599264,0.8,0.009834613663986719
hust,matr,hust_to_matr,random_forest,trend_decay_timing,0.22839140822306364,0.21471877763785577,0.07380849114627225,1.0,0.058306273004138445
hust,matr,hust_to_matr,random_forest,variability_events,0.06879962215153523,0.06353656790053457,0.019007673505830474,1.0,0.0405635199571094
hust,sandia,hust_to_sandia,catboost,capacity_level_retention,0.010115832131242841,0.03988173398175526,0.11257520480183043,0.6,0.040637607509840086
hust,sandia,hust_to_sandia,catboost,curvature_acceleration,0.06270623053535994,0.07008811256689296,0.04951893979451916,1.0,0.07474913192910373
hust,sandia,hust_to_sandia,catboost,spectral_entropy,0.10379128616879388,0.10039714428092042,0.07980698824577852,0.8,0.029852609107055096
hust,sandia,hust_to_sandia,catboost,trend_decay_timing,0.2811343568909361,0.31868162071297546,0.09906953070006283,1.0,0.09546495589523477
hust,sandia,hust_to_sandia,catboost,variability_events,0.06902480033459904,0.1035250494651708,0.09489519041275574,0.8,0.10209933147402839
hust,sandia,hust_to_sandia,random_forest,capacity_level_retention,0.026381968412636153,0.019404170099571405,0.014054586190380794,1.0,0.03173047241202742
hust,sandia,hust_to_sandia,random_forest,curvature_acceleration,0.14949121070662755,0.20178213809355694,0.09426446047670238,1.0,0.08155217165559163
hust,sandia,hust_to_sandia,random_forest,spectral_entropy,0.019693987848968454,0.03490570648295645,0.031189695198255558,0.8,0.014607592970470571
hust,sandia,hust_to_sandia,random_forest,trend_decay_timing,0.20122731810405625,0.14951597241532433,0.09692737619061227,1.0,0.09214828617967342
hust,sandia,hust_to_sandia,random_forest,variability_events,0.037248092764892465,0.028802036281764583,0.022897387571472177,1.0,0.04730888367029999
luh,hust,luh_to_hust,catboost,capacity_level_retention,0.00015658549348088608,-0.008295587701953846,0.01273709356901537,0.6,0.30150147783502457
luh,hust,luh_to_hust,catboost,curvature_acceleration,-0.10694240206833375,-0.09078615747873388,0.04999176880814403,1.0,0.22092174307230222
luh,hust,luh_to_hust,catboost,spectral_entropy,-0.06488042985667296,-0.06072256803316063,0.03329579789459593,1.0,0.0638081662204605
luh,hust,luh_to_hust,catboost,trend_decay_timing,0.03654442059839297,0.020846724464257324,0.033324637675535625,1.0,0.4180712690857809
luh,hust,luh_to_hust,catboost,variability_events,-0.036304503724889865,0.0013089615857155832,0.06324984861335493,0.6,0.3391192002554483
luh,hust,luh_to_hust,random_forest,capacity_level_retention,0.0077548303147219,0.0028785085056973036,0.01381078764626562,0.8,0.1955425364762236
luh,hust,luh_to_hust,random_forest,curvature_acceleration,-0.07482312363145872,-0.06663783782830245,0.0416665801719317,1.0,0.15438771991968125
luh,hust,luh_to_hust,random_forest,spectral_entropy,-0.03694907475750482,-0.028408471569755483,0.025408124745842173,1.0,0.012640662042630623
luh,hust,luh_to_hust,random_forest,trend_decay_timing,0.09176619565274188,0.1203736022963999,0.1186943929618472,0.6,0.3935403613353668
luh,hust,luh_to_hust,random_forest,variability_events,0.02425925208360151,-0.003275233690981729,0.07968633174401647,0.6,0.44989793377763226
luh,matr,luh_to_matr,catboost,capacity_level_retention,0.029747508243708854,0.02097488605861573,0.026712004624286044,0.8,0.2936646735261305
luh,matr,luh_to_matr,catboost,curvature_acceleration,0.048838186914306636,0.04502331265748523,0.022879283995752064,1.0,0.18385755614443092
luh,matr,luh_to_matr,catboost,spectral_entropy,0.05499520283145841,0.060794034375948255,0.015955312514324294,1.0,0.06489849606348749
luh,matr,luh_to_matr,catboost,trend_decay_timing,0.15375217962566362,0.14892911067528888,0.017105523118486267,1.0,0.40524064464003307
luh,matr,luh_to_matr,catboost,variability_events,0.03751802249933637,0.041905494101789786,0.02822955970868919,1.0,0.3583173011529475
luh,matr,luh_to_matr,random_forest,capacity_level_retention,0.02334498174077868,0.0222307707925663,0.003757113979310972,1.0,0.19474260979678454
luh,matr,luh_to_matr,random_forest,curvature_acceleration,0.009598988609916637,0.007933694590153272,0.006696879326572929,1.0,0.15200762699273257
luh,matr,luh_to_matr,random_forest,spectral_entropy,0.010527134295841383,0.00941298234672721,0.00370807389700987,1.0,0.012869407358236768
luh,matr,luh_to_matr,random_forest,trend_decay_timing,0.15040713529719266,0.1263865404366513,0.05649111502969703,1.0,0.3923870786182767
luh,matr,luh_to_matr,random_forest,variability_events,0.10636756514524828,0.12229241139460102,0.03721842526661198,1.0,0.45980418572308696
luh,sandia,luh_to_sandia,catboost,capacity_level_retention,0.3061402057734959,0.29607927405793155,0.042301060430077905,1.0,0.21295204776217896
luh,sandia,luh_to_sandia,catboost,curvature_acceleration,-0.006995541303986439,-0.005214865854993199,0.02752472624936278,0.6,0.2215581500589618
luh,sandia,luh_to_sandia,catboost,spectral_entropy,-0.004285408367466751,-0.003157863754245158,0.018872338048983573,0.6,0.09108199841634382
luh,sandia,luh_to_sandia,catboost,trend_decay_timing,0.3937776227352999,0.39510829371325945,0.04619984014723846,1.0,0.3172078549350478
luh,sandia,luh_to_sandia,catboost,variability_events,0.1981896086740143,0.18814487292149928,0.03712635338329509,1.0,0.2821317158746731
luh,sandia,luh_to_sandia,random_forest,capacity_level_retention,0.16189902008916832,0.16038223428745793,0.02919126706860154,1.0,0.15130379053972834
luh,sandia,luh_to_sandia,random_forest,curvature_acceleration,0.06856227537449971,0.07958670163959602,0.03030100139060691,1.0,0.14036997748194438
luh,sandia,luh_to_sandia,random_forest,spectral_entropy,0.003139479898633029,0.0039579355076396604,0.0027730182519999365,0.8,0.015419311015569481
luh,sandia,luh_to_sandia,random_forest,trend_decay_timing,0.31079346735780533,0.27179230669599935,0.09837390139148497,1.0,0.2823858077503329
luh,sandia,luh_to_sandia,random_forest,variability_events,0.34552459551636483,0.4058021080770212,0.11039009539688716,1.0,0.3076126984505242
matr,hust,matr_to_hust,catboost,capacity_level_retention,0.08079147186146726,0.01727427547180265,0.11895735673106345,1.0,0.08524044561230618
matr,hust,matr_to_hust,catboost,curvature_acceleration,-0.2186426299195013,-0.22659304404637912,0.07829874357762714,1.0,0.22502099036225962
matr,hust,matr_to_hust,catboost,spectral_entropy,-0.02065201189110174,-0.010330427891716933,0.02840029156326961,0.8,0.020779679529091027
matr,hust,matr_to_hust,catboost,trend_decay_timing,0.053385961855535805,0.04881537379542093,0.024222679627496857,1.0,0.11382813332581747
matr,hust,matr_to_hust,catboost,variability_events,0.005230439997139728,0.01939050349053404,0.06455477483175602,0.6,0.1367327209090878
matr,hust,matr_to_hust,random_forest,capacity_level_retention,0.05222951123351869,0.02176085623129928,0.07411553321772235,0.8,0.056769351265912205
matr,hust,matr_to_hust,random_forest,curvature_acceleration,-0.2900332463694002,-0.2875194286215945,0.09650796008459522,1.0,0.2874858361013922
matr,hust,matr_to_hust,random_forest,spectral_entropy,-0.015175162850526818,-0.010472807535410343,0.014733298652250815,0.8,0.01359456972931139
matr,hust,matr_to_hust,random_forest,trend_decay_timing,0.07646363648447393,0.08725546713063964,0.04163542659660769,1.0,0.16697672711070005
matr,hust,matr_to_hust,random_forest,variability_events,0.02623925183710103,0.03541551899599582,0.027321545461164307,0.8,0.08270236158535646
matr,luh,matr_to_luh,catboost,capacity_level_retention,0.0493697983749476,0.05703414759162294,0.026137640812514178,1.0,0.11102613186292751
matr,luh,matr_to_luh,catboost,curvature_acceleration,0.49444538974401253,0.45610853621014424,0.2057545344544285,1.0,0.2519025730477463
matr,luh,matr_to_luh,catboost,spectral_entropy,-0.014611632035858671,-0.009740522802655704,0.057215832658315084,0.6,0.017186953761397842
matr,luh,matr_to_luh,catboost,trend_decay_timing,0.06431881354958704,0.05784450593018134,0.03373844988925189,1.0,0.19864934748439386
matr,luh,matr_to_luh,catboost,variability_events,-0.07468964932536863,-0.0023268931412060213,0.1400295303211427,0.8,0.1398878426300333
matr,luh,matr_to_luh,random_forest,capacity_level_retention,0.013484609481930209,0.0024918076560050293,0.02448816967303366,0.6,0.06795930559662329
matr,luh,matr_to_luh,random_forest,curvature_acceleration,0.46622557152880717,0.47343624681775126,0.09366537038830816,1.0,0.2891455005440447
matr,luh,matr_to_luh,random_forest,spectral_entropy,-0.008938464282211057,-0.006864363366951899,0.009643528438929832,0.8,0.01650501511714749
matr,luh,matr_to_luh,random_forest,trend_decay_timing,0.07540470193776835,0.08120230256581232,0.04672908741854083,1.0,0.20637582491910833
matr,luh,matr_to_luh,random_forest,variability_events,-0.08176625326542812,-0.08999501970680746,0.029120781512548637,1.0,0.10490611126739673
matr,sandia,matr_to_sandia,catboost,capacity_level_retention,0.05971143816411312,0.035106226761627245,0.04903929291287485,1.0,0.103422281364939
matr,sandia,matr_to_sandia,catboost,curvature_acceleration,0.11893553289815957,0.11705139546591399,0.06913158164943621,1.0,0.2657207815225678
matr,sandia,matr_to_sandia,catboost,spectral_entropy,0.030533507063601452,0.04237283554494563,0.04754193226920357,0.8,0.02367585814452847
matr,sandia,matr_to_sandia,catboost,trend_decay_timing,0.20761224555803773,0.1745909153984668,0.1825357649936282,1.0,0.20619361333142008
matr,sandia,matr_to_sandia,catboost,variability_events,0.04488796213731676,0.05295236131103151,0.061885642539869265,0.8,0.15208366966060355
matr,sandia,matr_to_sandia,random_forest,capacity_level_retention,0.022392668740431547,-0.004329378923132888,0.050698004634577874,0.6,0.06379684479325762
matr,sandia,matr_to_sandia,random_forest,curvature_acceleration,0.1725722201496036,0.1604978896700333,0.056424470772594895,1.0,0.31192920475475466
matr,sandia,matr_to_sandia,random_forest,spectral_entropy,-0.012574097425044492,-0.008489878073285256,0.021258764594641422,0.8,0.016300386001823118
matr,sandia,matr_to_sandia,random_forest,trend_decay_timing,0.06978672262228122,0.021658048158478854,0.13492363122754106,0.6,0.21071041622250264
matr,sandia,matr_to_sandia,random_forest,variability_events,0.0054470876917296265,-0.02254182698750583,0.07095077962291035,0.8,0.10589458792951803
sandia,hust,sandia_to_hust,catboost,capacity_level_retention,0.016963141679924083,0.018149493525253385,0.013765711149468987,0.8,0.3097672431687368
sandia,hust,sandia_to_hust,catboost,curvature_acceleration,-0.042305420495133826,-0.05029334087588233,0.02779605746033634,0.8,0.34410246086633395
sandia,hust,sandia_to_hust,catboost,spectral_entropy,0.0210361906955773,0.037228738317444915,0.05974455455436839,0.8,0.26565210487105867
sandia,hust,sandia_to_hust,catboost,trend_decay_timing,0.013623188457078808,0.015396864058881053,0.03027197610359914,0.8,0.5617772148265153
sandia,hust,sandia_to_hust,catboost,variability_events,0.17339773528329575,0.146612181810729,0.06564226589104127,1.0,0.6083310994341166
sandia,hust,sandia_to_hust,random_forest,capacity_level_retention,-0.033002112958800484,-0.03118781684310192,0.009772417333716286,1.0,0.46488423729448336
sandia,hust,sandia_to_hust,random_forest,curvature_acceleration,0.07958178444679714,0.05812296387730345,0.06433290853435117,0.8,0.18322847387883448
sandia,hust,sandia_to_hust,random_forest,spectral_entropy,0.13974744103121833,0.14468403090021212,0.05872389198719254,1.0,0.07489293322679602
sandia,hust,sandia_to_hust,random_forest,trend_decay_timing,-0.08475173242196525,-0.1390872165307448,0.1259907412723126,0.8,0.6851927233053375
sandia,hust,sandia_to_hust,random_forest,variability_events,-0.0679732708432218,-0.05676761876057444,0.03854654525288097,1.0,0.6673621128074074
sandia,luh,sandia_to_luh,catboost,capacity_level_retention,0.28097168122571536,0.25746842538538767,0.05798759897384894,1.0,0.13303673097623853
sandia,luh,sandia_to_luh,catboost,curvature_acceleration,0.06191133408614944,0.08755576512503203,0.12413160638008323,0.8,0.23438939236443704
sandia,luh,sandia_to_luh,catboost,spectral_entropy,-0.1609790737106375,-0.10715077650134877,0.1302584135076852,1.0,0.3040330235593551
sandia,luh,sandia_to_luh,catboost,trend_decay_timing,0.5383448767629857,0.47863218918724065,0.15615321198994062,1.0,0.3000050586117301
sandia,luh,sandia_to_luh,catboost,variability_events,0.21049776224367553,0.24817130585306663,0.07203836094715814,1.0,0.4324367669390078
sandia,luh,sandia_to_luh,random_forest,capacity_level_retention,0.22228433922026664,0.23089333089620456,0.05832051057647583,1.0,0.15094833475955943
sandia,luh,sandia_to_luh,random_forest,curvature_acceleration,-0.0011600435847612836,0.0037955589830323748,0.014484208528455124,0.6,0.08396356710520722
sandia,luh,sandia_to_luh,random_forest,spectral_entropy,0.013088828585827397,0.007338951504785509,0.01830242856878493,0.8,0.11711628226956597
sandia,luh,sandia_to_luh,random_forest,trend_decay_timing,0.30631399049624763,0.30546932394295045,0.06723577055960632,1.0,0.23078892354118605
sandia,luh,sandia_to_luh,random_forest,variability_events,0.28884014999060525,0.268532123310101,0.10199528579508764,1.0,0.3684314862381598
sandia,matr,sandia_to_matr,catboost,capacity_level_retention,0.032399033308673976,0.03426703430764694,0.006570376551630623,1.0,0.31091186496050427
sandia,matr,sandia_to_matr,catboost,curvature_acceleration,-0.008919228882022335,-0.008645783218818323,0.022970917606965003,0.6,0.3579461382121275
sandia,matr,sandia_to_matr,catboost,spectral_entropy,0.07737562129339494,0.06932559503396254,0.015640717728511284,1.0,0.2638686272938378
sandia,matr,sandia_to_matr,catboost,trend_decay_timing,0.1258695909076087,0.13471699345185206,0.02886061484206921,1.0,0.5807568649068262
sandia,matr,sandia_to_matr,catboost,variability_events,0.09201233016489312,0.0971391844890982,0.009572633429371293,1.0,0.6083846643005331
sandia,matr,sandia_to_matr,random_forest,capacity_level_retention,0.03570303541547464,0.03651727253909761,0.004632534664250161,1.0,0.4516746121691684
sandia,matr,sandia_to_matr,random_forest,curvature_acceleration,0.004454256984458874,0.0038018454849492373,0.009701034491207981,0.8,0.1803586134870726
sandia,matr,sandia_to_matr,random_forest,spectral_entropy,0.05278063032194689,0.042681065219848255,0.03304166582885358,1.0,0.0842206600183101
sandia,matr,sandia_to_matr,random_forest,trend_decay_timing,0.09197043538692605,0.10020893570612033,0.026158743938810645,1.0,0.68316586399503
sandia,matr,sandia_to_matr,random_forest,variability_events,0.0812245224082799,0.07634686361815382,0.017085783933902778,1.0,0.645710001729324
