pair,dataset_a,dataset_b,n_cycles,feature_set,rank,feature,abs_mean_shift_z,mu_matr,mu_hust,mu_sandia,mu_luh
matr_vs_hust,matr,hust,50,34,1,linearity_r2,1.3431253776896526,-0.5020420101072972,0.8410833675823555,,
matr_vs_hust,matr,hust,50,34,2,knee_cycle,1.2625292092884894,-0.4719162578408431,0.7906129514476462,,
matr_vs_hust,matr,hust,50,34,3,fft_top3_energy_ratio,1.1607151781082747,-0.4338595568657152,0.7268556212425595,,
matr_vs_hust,matr,hust,50,34,4,mad_Qdis,1.1463543991434768,-0.42849169288372674,0.7178627062597501,,
matr_vs_hust,matr,hust,50,34,5,spectral_entropy,1.1221164008454436,0.41943185856844256,-0.7026845422770011,,
matr_vs_hust,matr,hust,50,34,6,skewness_Qdis,1.088630853863739,-0.4069154162500384,0.6817154376137006,,
matr_vs_hust,matr,hust,50,34,7,kurtosis_Qdis,1.0530284074703302,0.39360770570492926,-0.659420701765401,,
matr_vs_hust,matr,hust,50,34,8,accel_mean,1.0294057491955029,-0.38477787712647443,0.6446278720690285,,
matr_vs_hust,matr,hust,50,34,9,autocorr_lag1,0.7120997690466055,0.2661732146436341,-0.4459265544029715,,
matr_vs_hust,matr,hust,50,34,10,pos_neg_diff_ratio,0.6807383792151354,0.2544507533959486,-0.4262876258191868,,
matr_vs_hust,matr,hust,50,34,11,sample_entropy,0.4600232159199862,-0.17195042536815017,0.288072790551836,,
matr_vs_hust,matr,hust,50,34,12,poly2_c,0.38772014656582654,0.14492452080373128,-0.24279562576209524,,
matr_vs_hust,matr,hust,50,34,13,poly2_b,0.23014607998911824,-0.08602547650078686,0.1441206034883314,,
matr_vs_hust,matr,hust,50,34,14,Qdis_cycle10,0.20007239568137813,-0.07478434207501396,0.12528805360636416,,
matr_vs_hust,matr,hust,50,34,15,n_capacity_jumps,0.1936571065890439,0.07238639421046784,-0.12127071237857603,,
matr_vs_hust,matr,hust,50,34,16,max_drop,0.13442249832460013,0.050245302771816575,-0.08417719555278357,,
matr_vs_hust,matr,hust,50,34,17,accel_max_abs,0.13415874430439154,0.050146715104068686,-0.08401202920032284,,
matr_vs_hust,matr,hust,50,34,18,std_diff,0.13040541281867365,0.04874377081086342,-0.08166164200781023,,
matr_vs_hust,matr,hust,50,34,19,accel_std,0.13031981416129576,0.04871177519621249,-0.08160803896508327,,
matr_vs_hust,matr,hust,50,34,20,variance_Qdis,0.1155640274184013,0.043196262675810185,-0.07236776474259111,,
matr_vs_hust,matr,hust,50,34,21,cycle_to_98pct,0.11126124104191726,-0.04158793961275231,0.06967330142916495,,
matr_vs_hust,matr,hust,50,34,22,Qdis_N,0.11092934992032304,-0.041463883222673234,0.0694654666976498,,
matr_vs_hust,matr,hust,50,34,23,slope_last_quarter,0.10320508532821027,-0.038576658108117425,0.06462842722009284,,
matr_vs_hust,matr,hust,50,34,24,slope_ratio,0.08128122779082939,-0.03038181815482455,0.05089940963600483,,
matr_vs_hust,matr,hust,50,34,25,range_Qdis,0.07843608476893933,0.029318342365088963,-0.04911774240385037,,
matr_vs_hust,matr,hust,50,34,26,poly2_a,0.06379236846324421,0.02384472025083046,-0.03994764821241375,,
matr_vs_hust,matr,hust,50,34,27,delta_Qdis,0.041285839053407256,0.01543208547141925,-0.025853753581988007,,
matr_vs_hust,matr,hust,50,34,28,mean_diff,0.04128583905325678,0.015432085471362881,-0.025853753581893898,,
matr_vs_hust,matr,hust,50,34,29,retention_ratio,0.04025687700430333,0.01504747344335434,-0.025209403560948994,,
matr_vs_hust,matr,hust,50,34,30,slope_first_quarter,0.03684165600774923,0.013770910255323725,-0.02307074575242551,,
matr_vs_hust,matr,hust,50,34,31,slope_linear,0.012324055916254979,-0.00460656459005643,0.007717491326198548,,
matr_vs_hust,matr,hust,50,34,32,cycle_to_99pct,0.010073572078304008,-0.003765364320531436,0.0063082077577725736,,
matr_vs_hust,matr,hust,50,34,33,exp_decay_k,0.007752229575190206,0.002897678045095357,-0.004854551530094849,,
matr_vs_hust,matr,hust,50,34,34,cycle_to_95pct,0.0,0.0,0.0,,
matr_vs_sandia,matr,sandia,50,34,1,cycle_to_99pct,2.0403472882228377,0.5699294101181108,,-1.4704178781047268,
matr_vs_sandia,matr,sandia,50,34,2,Qdis_cycle10,1.8586205936652265,0.5191677635936464,,-1.3394528300715802,
matr_vs_sandia,matr,sandia,50,34,3,retention_ratio,1.8546002634322258,0.5180447663218519,,-1.336555497110374,
matr_vs_sandia,matr,sandia,50,34,4,delta_Qdis,1.8534633161077272,0.5177271832703149,,-1.3357361328374124,
matr_vs_sandia,matr,sandia,50,34,5,mean_diff,1.8534633161076917,0.5177271832703049,,-1.335736132837387,
matr_vs_sandia,matr,sandia,50,34,6,cycle_to_98pct,1.831593283150235,0.5116182355168254,,-1.3199750476334098,
matr_vs_sandia,matr,sandia,50,34,7,Qdis_N,1.8273234757315575,0.5104255518803242,,-1.3168979238512333,
matr_vs_sandia,matr,sandia,50,34,8,poly2_b,1.7222811178174429,0.4810841111221908,,-1.241197006695252,
matr_vs_sandia,matr,sandia,50,34,9,slope_linear,1.7105977811047004,0.47782060924712305,,-1.2327771718575773,
matr_vs_sandia,matr,sandia,50,34,10,exp_decay_k,1.7082285524895733,-0.47715881354457335,,1.2310697389449998,
matr_vs_sandia,matr,sandia,50,34,11,mad_Qdis,1.7048287419126666,-0.476209145785661,,1.2286195961270057,
matr_vs_sandia,matr,sandia,50,34,12,skewness_Qdis,1.5700535491446819,-0.4385624438951626,,1.1314911052495193,
matr_vs_sandia,matr,sandia,50,34,13,poly2_c,1.551683585182548,-0.43343116904540446,,1.1182524161371434,
matr_vs_sandia,matr,sandia,50,34,14,pos_neg_diff_ratio,1.5295116543036473,0.4272378922635885,,-1.102273762040059,
matr_vs_sandia,matr,sandia,50,34,15,slope_first_quarter,1.497077309973964,0.4181780195458001,,-1.078899290428164,
matr_vs_sandia,matr,sandia,50,34,16,linearity_r2,1.4008074799772314,-0.39128700558023216,,1.0095204743969992,
matr_vs_sandia,matr,sandia,50,34,17,cycle_to_95pct,1.3967554235555102,0.39015514624455605,,-1.0066002773109541,
matr_vs_sandia,matr,sandia,50,34,18,kurtosis_Qdis,0.799216824698797,0.22324492310022273,,-0.5759719015985743,
matr_vs_sandia,matr,sandia,50,34,19,n_capacity_jumps,0.710112769402139,-0.19835552217936847,,0.5117572472227705,
matr_vs_sandia,matr,sandia,50,34,20,sample_entropy,0.6844620646523896,0.19119052085262273,,-0.4932715437997669,
matr_vs_sandia,matr,sandia,50,34,21,spectral_entropy,0.45881626805539655,0.1281609687305579,,-0.33065529932483867,
matr_vs_sandia,matr,sandia,50,34,22,autocorr_lag1,0.4321945026482213,-0.1207247214101176,,0.3114697812381037,
matr_vs_sandia,matr,sandia,50,34,23,fft_top3_energy_ratio,0.36003158931050017,-0.10056748304762508,,0.2594641062628751,
matr_vs_sandia,matr,sandia,50,34,24,range_Qdis,0.3047005983422057,-0.08511189897826969,,0.21958869936393602,
matr_vs_sandia,matr,sandia,50,34,25,poly2_a,0.2631828190207465,-0.0735147539163903,,0.1896680651043562,
matr_vs_sandia,matr,sandia,50,34,26,slope_ratio,0.21486939365007915,-0.060019383701139385,,0.15485000994893977,
matr_vs_sandia,matr,sandia,50,34,27,accel_mean,0.10900131249531704,-0.03044729399310531,,0.07855401850221173,
matr_vs_sandia,matr,sandia,50,34,28,knee_cycle,0.09422782112605203,-0.026320620426271576,,0.06790720069978046,
matr_vs_sandia,matr,sandia,50,34,29,variance_Qdis,0.07767673333196054,-0.021697411545240373,,0.05597932178672016,
matr_vs_sandia,matr,sandia,50,34,30,slope_last_quarter,0.056530440570993726,0.015790625857819488,,-0.04073981471317424,
matr_vs_sandia,matr,sandia,50,34,31,accel_max_abs,0.056465156796178986,0.015772390166530446,,-0.04069276662964854,
matr_vs_sandia,matr,sandia,50,34,32,accel_std,0.051047059070520553,0.014258955047631434,,-0.03678810402288912,
matr_vs_sandia,matr,sandia,50,34,33,max_drop,0.03683653594486565,0.010289535180130071,,-0.026547000764735578,
matr_vs_sandia,matr,sandia,50,34,34,std_diff,0.02944862778060601,0.008225873681733498,,-0.02122275409887251,
matr_vs_luh,matr,luh,50,34,1,cycle_to_99pct,1.968873759800117,0.8880877384630316,,,-1.0807860213370855
matr_vs_luh,matr,luh,50,34,2,Qdis_cycle10,1.7562223094912508,0.7921683608768889,,,-0.9640539486143619
matr_vs_luh,matr,luh,50,34,3,cycle_to_98pct,1.7276845512625902,0.7792960103567429,,,-0.9483885409058472
matr_vs_luh,matr,luh,50,34,4,linearity_r2,1.6840874568990767,-0.759630938005541,,,0.9244565188935356
matr_vs_luh,matr,luh,50,34,5,poly2_b,1.6835203019608678,0.7593751149270298,,,-0.924145187033838
matr_vs_luh,matr,luh,50,34,6,accel_mean,1.6833728299065502,-0.7593085956174226,,,0.9240642342891277
matr_vs_luh,matr,luh,50,34,7,retention_ratio,1.6569299236727502,0.747381157060898,,,-0.909548766611852
matr_vs_luh,matr,luh,50,34,8,delta_Qdis,1.655939117257759,0.7469342401247765,,,-0.9090048771329827
matr_vs_luh,matr,luh,50,34,9,mean_diff,1.6559391172577225,0.7469342401247597,,,-0.9090048771329627
matr_vs_luh,matr,luh,50,34,10,Qdis_N,1.6394546287257779,0.739498683595459,,,-0.8999559451303188
matr_vs_luh,matr,luh,50,34,11,slope_linear,1.593710805151055,0.7188652993447312,,,-0.8748455058063238
matr_vs_luh,matr,luh,50,34,12,mad_Qdis,1.585601540100629,-0.7152075031943262,,,0.8703940369063027
matr_vs_luh,matr,luh,50,34,13,exp_decay_k,1.5855346441610159,-0.715177328855607,,,0.8703573153054088
matr_vs_luh,matr,luh,50,34,14,pos_neg_diff_ratio,1.5757442801015895,0.710761249747951,,,-0.8649830303536385
matr_vs_luh,matr,luh,50,34,15,knee_cycle,1.5230271268868514,-0.6869824487234308,,,0.8360446781634205
matr_vs_luh,matr,luh,50,34,16,skewness_Qdis,1.5177513872793167,-0.6846027534110961,,,0.8331486338682206
matr_vs_luh,matr,luh,50,34,17,autocorr_lag1,1.5074073341648657,-0.679936925197769,,,0.8274704089670966
matr_vs_luh,matr,luh,50,34,18,spectral_entropy,1.462797259794506,0.659814934205181,,,-0.802982325589325
matr_vs_luh,matr,luh,50,34,19,fft_top3_energy_ratio,1.4219162201154274,-0.6413749758818524,,,0.780541244233575
matr_vs_luh,matr,luh,50,34,20,poly2_c,1.4168879966459103,-0.6391069261466659,,,0.7777810704992443
matr_vs_luh,matr,luh,50,34,21,poly2_a,1.2864184687453188,-0.5802568412213329,,,0.706161627523986
matr_vs_luh,matr,luh,50,34,22,kurtosis_Qdis,1.2721154695885406,0.5738052756441929,,,-0.6983101939443477
matr_vs_luh,matr,luh,50,34,23,slope_first_quarter,1.267331262773539,0.5716472929957239,,,-0.6956839697778151
matr_vs_luh,matr,luh,50,34,24,sample_entropy,1.159312558458435,0.5229239625386983,,,-0.6363885959197367
matr_vs_luh,matr,luh,50,34,25,cycle_to_95pct,0.9258362210924338,0.4176112316416933,,,-0.5082249894507406
matr_vs_luh,matr,luh,50,34,26,slope_ratio,0.30893829056407246,-0.13935088850975186,,,0.1695874020543206
matr_vs_luh,matr,luh,50,34,27,range_Qdis,0.23264885079029585,-0.10493948163306954,,,0.1277093691572263
matr_vs_luh,matr,luh,50,34,28,n_capacity_jumps,0.20671347338995208,0.09324097097589329,,,-0.11347250241405879
matr_vs_luh,matr,luh,50,34,29,accel_std,0.15565471673141476,0.070210212653319,,,-0.08544450407809576
matr_vs_luh,matr,luh,50,34,30,accel_max_abs,0.15140304307376629,0.0682924364502946,,,-0.08311060662347167
matr_vs_luh,matr,luh,50,34,31,std_diff,0.14910382037341602,0.06725534025354084,,,-0.0818484801198752
matr_vs_luh,matr,luh,50,34,32,max_drop,0.14312853638856465,0.06456010577526745,,,-0.07856843061329719
matr_vs_luh,matr,luh,50,34,33,slope_last_quarter,0.09412373596939985,0.04245581282023994,,,-0.051667923149159904
matr_vs_luh,matr,luh,50,34,34,variance_Qdis,0.06482470162350251,-0.029240078179111777,,,0.035584623444390735
hust_vs_sandia,hust,sandia,50,34,1,cycle_to_99pct,1.8546554700123687,,0.7301793189025074,-1.1244761511098613,
hust_vs_sandia,hust,sandia,50,34,2,cycle_to_98pct,1.639047750218971,,0.6452943898499885,-0.9937533603689827,
hust_vs_sandia,hust,sandia,50,34,3,retention_ratio,1.609581074126001,,0.633693336270077,-0.9758877378559241,
hust_vs_sandia,hust,sandia,50,34,4,mean_diff,1.6089511096107856,,0.6334453187444038,-0.9755057908663817,
hust_vs_sandia,hust,sandia,50,34,5,delta_Qdis,1.608951109610779,,0.6334453187444012,-0.9755057908663777,
hust_vs_sandia,hust,sandia,50,34,6,Qdis_cycle10,1.6065126857357936,,0.6324853093447946,-0.974027376390999,
hust_vs_sandia,hust,sandia,50,34,7,Qdis_N,1.5979266504128575,,0.6291049804775104,-0.9688216699353472,
hust_vs_sandia,hust,sandia,50,34,8,slope_first_quarter,1.5875204123417317,,0.6250080363550125,-0.9625123759867192,
hust_vs_sandia,hust,sandia,50,34,9,slope_linear,1.5669714608509193,,0.6169178979728029,-0.9500535628781164,
hust_vs_sandia,hust,sandia,50,34,10,exp_decay_k,1.5540944701568156,,-0.6118482165971714,0.9422462535596442,
hust_vs_sandia,hust,sandia,50,34,11,range_Qdis,1.5061010485890334,,-0.59295316873584,0.9131478798531935,
hust_vs_sandia,hust,sandia,50,34,12,poly2_b,1.4950693147733545,,0.5886099664462026,-0.906459348327152,
hust_vs_sandia,hust,sandia,50,34,13,mad_Qdis,1.4354385019260572,,-0.5651332684748256,0.8703052334512317,
hust_vs_sandia,hust,sandia,50,34,14,poly2_c,1.3215600863002608,,-0.5202992465749058,0.801260839725355,
hust_vs_sandia,hust,sandia,50,34,15,pos_neg_diff_ratio,1.241763728031019,,0.4888833574925273,-0.7528803705384917,
hust_vs_sandia,hust,sandia,50,34,16,cycle_to_95pct,1.2138107284999706,,0.4778782395669176,-0.735932488933053,
hust_vs_sandia,hust,sandia,50,34,17,slope_last_quarter,1.2047139294018998,,0.4742968225991734,-0.7304171068027265,
hust_vs_sandia,hust,sandia,50,34,18,variance_Qdis,1.178758643429985,,-0.46407820607479744,0.7146804373551877,
hust_vs_sandia,hust,sandia,50,34,19,sample_entropy,1.1117805486793209,,0.43770887743280357,-0.6740716712465173,
hust_vs_sandia,hust,sandia,50,34,20,autocorr_lag1,1.0748456580681722,,-0.42316758191660325,0.651678076151569,
hust_vs_sandia,hust,sandia,50,34,21,skewness_Qdis,1.0073961322332181,,-0.39661265048551897,0.6107834817476991,
hust_vs_sandia,hust,sandia,50,34,22,fft_top3_energy_ratio,0.9924253242230818,,0.39071863158388986,-0.601706692639192,
hust_vs_sandia,hust,sandia,50,34,23,max_drop,0.9191640055152994,,-0.36187559272255876,0.5572884127927407,
hust_vs_sandia,hust,sandia,50,34,24,spectral_entropy,0.9080467758754556,,-0.3574987306596266,0.5505480452158289,
hust_vs_sandia,hust,sandia,50,34,25,std_diff,0.8759517703968314,,-0.344862901731036,0.5310888686657954,
hust_vs_sandia,hust,sandia,50,34,26,knee_cycle,0.8647172252084226,,0.340439852444261,-0.5242773727641616,
hust_vs_sandia,hust,sandia,50,34,27,accel_std,0.7136444027641939,,-0.28096236329298985,0.4326820394712041,
hust_vs_sandia,hust,sandia,50,34,28,accel_max_abs,0.7110604140223403,,-0.27994504489068534,0.431115369131655,
hust_vs_sandia,hust,sandia,50,34,29,n_capacity_jumps,0.6237646027099943,,-0.2455766152401552,0.37818798746983917,
hust_vs_sandia,hust,sandia,50,34,30,kurtosis_Qdis,0.42198244707945665,,-0.16613482168482546,0.2558476253946312,
hust_vs_sandia,hust,sandia,50,34,31,slope_ratio,0.41337107503686793,,-0.1627445177310502,0.25062655730581773,
hust_vs_sandia,hust,sandia,50,34,32,poly2_a,0.33824146398446575,,-0.13316593070253294,0.20507553328193281,
hust_vs_sandia,hust,sandia,50,34,33,linearity_r2,0.09479426613547168,,-0.037320577218689685,0.057473688916781986,
hust_vs_sandia,hust,sandia,50,34,34,accel_mean,0.027785539642824073,,0.01093918883575751,-0.016846350807066562,
hust_vs_luh,hust,luh,50,34,1,cycle_to_99pct,1.9817110495098147,,1.1478763456177068,,-0.833834703892108
hust_vs_luh,hust,luh,50,34,2,accel_std,1.8908432602608203,,1.0952425441947922,,-0.7956007160660281
hust_vs_luh,hust,luh,50,34,3,accel_max_abs,1.8122597021413336,,1.0497241990545427,,-0.7625355030867907
hust_vs_luh,hust,luh,50,34,4,autocorr_lag1,1.7778135969342035,,-1.0297718102460414,,0.7480417866881621
hust_vs_luh,hust,luh,50,34,5,fft_top3_energy_ratio,1.6868436160013545,,-0.977078815825923,,0.7097648001754313
hust_vs_luh,hust,luh,50,34,6,cycle_to_98pct,1.6839688159318547,,0.9754136310862108,,-0.708555184845644
hust_vs_luh,hust,luh,50,34,7,spectral_entropy,1.671940747850338,,0.968446553399648,,-0.7034941944506901
hust_vs_luh,hust,luh,50,34,8,poly2_b,1.588133918081879,,0.9199027066485201,,-0.668231211433359
hust_vs_luh,hust,luh,50,34,9,slope_first_quarter,1.5735018590407206,,0.9114273063295978,,-0.6620745527111229
hust_vs_luh,hust,luh,50,34,10,Qdis_cycle10,1.5707528412255174,,0.9098349790704816,,-0.6609178621550358
hust_vs_luh,hust,luh,50,34,11,poly2_a,1.5654126832790993,,-0.9067417728283569,,0.6586709104507424
hust_vs_luh,hust,luh,50,34,12,slope_linear,1.5588325513945347,,0.90293033031596,,-0.6559022210785745
hust_vs_luh,hust,luh,50,34,13,retention_ratio,1.5562287840263929,,0.9014221371956186,,-0.6548066468307743
hust_vs_luh,hust,luh,50,34,14,delta_Qdis,1.555235450700085,,0.900846763793492,,-0.654388686906593
hust_vs_luh,hust,luh,50,34,15,mean_diff,1.5552354507000814,,0.9008467637934898,,-0.6543886869065917
hust_vs_luh,hust,luh,50,34,16,Qdis_N,1.5548272234678229,,0.9006103043037713,,-0.6542169191640514
hust_vs_luh,hust,luh,50,34,17,exp_decay_k,1.5429529850837662,,-0.8937323301578097,,0.6492206549259564
hust_vs_luh,hust,luh,50,34,18,sample_entropy,1.5261447739064777,,0.883996426415774,,-0.6421483474907037
hust_vs_luh,hust,luh,50,34,19,mad_Qdis,1.450805635475004,,-0.8403573626248657,,0.6104482728501384
hust_vs_luh,hust,luh,50,34,20,pos_neg_diff_ratio,1.4393508292290509,,0.8337223382419638,,-0.6056284909870869
hust_vs_luh,hust,luh,50,34,21,range_Qdis,1.3636718682647926,,-0.7898864373555631,,0.5737854309092296
hust_vs_luh,hust,luh,50,34,22,kurtosis_Qdis,1.3017359959255361,,0.7540110140333707,,-0.5477249818921655
hust_vs_luh,hust,luh,50,34,23,poly2_c,1.2817229853344005,,-0.7424187783904178,,0.5393042069439826
hust_vs_luh,hust,luh,50,34,24,slope_last_quarter,1.2134453092916653,,0.7028699605733145,,-0.5105753487183508
hust_vs_luh,hust,luh,50,34,25,slope_ratio,1.1926845827910988,,-0.6908446217259918,,0.5018399610651069
hust_vs_luh,hust,luh,50,34,26,linearity_r2,1.184645295342945,,-0.686187985280613,,0.4984573100623319
hust_vs_luh,hust,luh,50,34,27,std_diff,1.1757577935738297,,0.6810400334362073,,-0.49471776013762225
hust_vs_luh,hust,luh,50,34,28,variance_Qdis,1.0445803231150665,,-0.6050574549191096,,0.4395228681959571
hust_vs_luh,hust,luh,50,34,29,knee_cycle,0.999351286858613,,-0.5788592153388686,,0.4204920715197443
hust_vs_luh,hust,luh,50,34,30,skewness_Qdis,0.9403507122557642,,-0.5446840191208252,,0.39566669313493896
hust_vs_luh,hust,luh,50,34,31,accel_mean,0.8524627627444815,,-0.49377624508696744,,0.3586865176575141
hust_vs_luh,hust,luh,50,34,32,cycle_to_95pct,0.8376200517844627,,0.48517882780957916,,-0.35244122397488353
hust_vs_luh,hust,luh,50,34,33,max_drop,0.08345550147077552,,-0.04834034511421984,,0.035115156356555675
hust_vs_luh,hust,luh,50,34,34,n_capacity_jumps,0.0,,0.0,,0.0
sandia_vs_luh,sandia,luh,50,34,1,spectral_entropy,1.4931469210435642,,,1.0145741899398586,-0.47857273110370563
sandia_vs_luh,sandia,luh,50,34,2,autocorr_lag1,1.460687230155069,,,-0.9925182461310083,0.4681689840240609
sandia_vs_luh,sandia,luh,50,34,3,fft_top3_energy_ratio,1.424306629904767,,,-0.967798094678881,0.4565085352258862
sandia_vs_luh,sandia,luh,50,34,4,knee_cycle,1.3312323761746785,,,-0.9045553325289482,0.42667704364573045
sandia_vs_luh,sandia,luh,50,34,5,sample_entropy,1.3131810316659545,,,0.8922896753627638,-0.42089135630319074
sandia_vs_luh,sandia,luh,50,34,6,linearity_r2,1.2489402609914984,,,-0.848638895289095,0.4003013657024034
sandia_vs_luh,sandia,luh,50,34,7,Qdis_cycle10,1.1208410332079863,,,-0.7615971123079832,0.3592439209000031
sandia_vs_luh,sandia,luh,50,34,8,std_diff,1.0297593920846513,,,0.6997083048780323,-0.33005108720661913
sandia_vs_luh,sandia,luh,50,34,9,kurtosis_Qdis,1.0052424156501294,,,0.6830493337109854,-0.322193081939144
sandia_vs_luh,sandia,luh,50,34,10,max_drop,1.0029429413274729,,,0.6814868703891803,-0.3214560709382926
sandia_vs_luh,sandia,luh,50,34,11,pos_neg_diff_ratio,0.9728402923188826,,,0.6610325063192408,-0.31180778599964176
sandia_vs_luh,sandia,luh,50,34,12,accel_std,0.9199052596387067,,,0.6250638302673264,-0.2948414293713804
sandia_vs_luh,sandia,luh,50,34,13,poly2_a,0.9185449504311904,,,-0.6241395176006537,0.2944054328305367
sandia_vs_luh,sandia,luh,50,34,14,slope_first_quarter,0.9075327509237985,,,-0.6166568692174529,0.2908758817063456
sandia_vs_luh,sandia,luh,50,34,15,accel_max_abs,0.8521337448565511,,,0.5790139548384258,-0.2731197900181254
sandia_vs_luh,sandia,luh,50,34,16,skewness_Qdis,0.7091751465715983,,,0.48187542010634243,-0.22729972646525584
sandia_vs_luh,sandia,luh,50,34,17,n_capacity_jumps,0.6879569885303543,,,0.46745795374498433,-0.22049903478536995
sandia_vs_luh,sandia,luh,50,34,18,cycle_to_95pct,0.5819819424478473,,,-0.39544926858635776,0.1865326738614895
sandia_vs_luh,sandia,luh,50,34,19,poly2_c,0.5294857594310776,,,0.35977878525445,-0.16970697417662753
sandia_vs_luh,sandia,luh,50,34,20,range_Qdis,0.4566711941245477,,,0.3103022216487314,-0.14636897247581634
sandia_vs_luh,sandia,luh,50,34,21,cycle_to_98pct,0.36807190193447176,,,-0.25010013849393603,0.11797176344053574
sandia_vs_luh,sandia,luh,50,34,22,poly2_b,0.2946031654516243,,,-0.20017907396071916,0.09442409149090515
sandia_vs_luh,sandia,luh,50,34,23,delta_Qdis,0.2627828528046799,,,-0.17855757946984682,0.08422527333483305
sandia_vs_luh,sandia,luh,50,34,24,mean_diff,0.26278285280467684,,,-0.17855757946984432,0.08422527333483251
sandia_vs_luh,sandia,luh,50,34,25,retention_ratio,0.2562270284795034,,,-0.1741029808899232,0.08212404758958017
sandia_vs_luh,sandia,luh,50,34,26,mad_Qdis,0.217322041551477,,,-0.14766754105420848,0.0696545004972685
sandia_vs_luh,sandia,luh,50,34,27,Qdis_N,0.18571484467717064,,,-0.12619085599858665,0.05952398867858398
sandia_vs_luh,sandia,luh,50,34,28,cycle_to_99pct,0.16714758946702551,,,-0.11357464412503004,0.053572945341995463
sandia_vs_luh,sandia,luh,50,34,29,slope_last_quarter,0.16516566946630962,,,0.11222795489377431,-0.052937714572535294
sandia_vs_luh,sandia,luh,50,34,30,slope_ratio,0.1547664409185352,,,-0.10516181241900487,0.04960462849953034
sandia_vs_luh,sandia,luh,50,34,31,accel_mean,0.13914685092658846,,,-0.09454850127063062,0.04459834965595785
sandia_vs_luh,sandia,luh,50,34,32,variance_Qdis,0.11267431447941552,,,0.07656075214626948,-0.03611356233314604
sandia_vs_luh,sandia,luh,50,34,33,slope_linear,0.05119816695071333,,,0.0347884980562537,-0.016409668894459637
sandia_vs_luh,sandia,luh,50,34,34,exp_decay_k,0.028397428496094612,,,-0.019295688593500317,0.009101739902594295
matr_vs_hust,matr,hust,100,34,1,accel_mean,1.133604149657086,-0.42372582293007577,0.70987832672701,,
matr_vs_hust,matr,hust,100,34,2,knee_cycle,0.7753845204681621,-0.28982819454392467,0.4855563259242374,,
matr_vs_hust,matr,hust,100,34,3,linearity_r2,0.7414111462577766,-0.277129409038101,0.46428173721967564,,
matr_vs_hust,matr,hust,100,34,4,cycle_to_99pct,0.6741638220161996,0.25199327327790044,-0.42217054873829923,,
matr_vs_hust,matr,hust,100,34,5,autocorr_lag1,0.6525742788504054,0.24392339549262737,-0.40865088335777805,,
matr_vs_hust,matr,hust,100,34,6,mad_Qdis,0.5624714281699682,-0.21024417460722114,0.3522272535627471,,
matr_vs_hust,matr,hust,100,34,7,skewness_Qdis,0.5595728708707579,-0.20916073328664261,0.35041213758411527,,
matr_vs_hust,matr,hust,100,34,8,fft_top3_energy_ratio,0.4835568032679035,-0.18074696044479846,0.302809842823105,,
matr_vs_hust,matr,hust,100,34,9,kurtosis_Qdis,0.47836099897047013,0.17880483942100103,-0.29955615954946907,,
matr_vs_hust,matr,hust,100,34,10,pos_neg_diff_ratio,0.39261006943719434,0.14675230750807744,-0.24585776192911693,,
matr_vs_hust,matr,hust,100,34,11,sample_entropy,0.3437069143005802,0.12847297282109052,-0.21523394147948968,,
matr_vs_hust,matr,hust,100,34,12,spectral_entropy,0.3267991819734296,0.1221530922910391,-0.2046460896823905,,
matr_vs_hust,matr,hust,100,34,13,slope_first_quarter,0.2811674154244324,-0.10509655819262777,0.17607085723180463,,
matr_vs_hust,matr,hust,100,34,14,slope_last_quarter,0.2650211858005127,0.09906131702252163,-0.16595986877799104,,
matr_vs_hust,matr,hust,100,34,15,slope_ratio,0.22905253903246012,-0.08561672575485163,0.1434358132776085,,
matr_vs_hust,matr,hust,100,34,16,n_capacity_jumps,0.22416878676341057,0.08379124553777971,-0.14037754122563084,,
matr_vs_hust,matr,hust,100,34,17,poly2_a,0.20725246639524728,-0.07746815491478648,0.1297843114804608,,
matr_vs_hust,matr,hust,100,34,18,Qdis_cycle10,0.20007239568137813,-0.07478434207501396,0.12528805360636416,,
matr_vs_hust,matr,hust,100,34,19,poly2_c,0.1956712532580881,0.07313925485860581,-0.12253199839948228,,
matr_vs_hust,matr,hust,100,34,20,mean_diff,0.19484625209718448,0.07283088063826804,-0.12201537145891646,,
matr_vs_hust,matr,hust,100,34,21,delta_Qdis,0.19484625209716722,0.07283088063826154,-0.12201537145890569,,
matr_vs_hust,matr,hust,100,34,22,slope_linear,0.1944150981142023,0.07266972113977467,-0.12174537697442762,,
matr_vs_hust,matr,hust,100,34,23,exp_decay_k,0.1939471094968073,-0.0724947933556027,0.1214523161412046,,
matr_vs_hust,matr,hust,100,34,24,retention_ratio,0.19382793520409225,0.07245024762484088,-0.12137768757925137,,
matr_vs_hust,matr,hust,100,34,25,max_drop,0.13603380982716046,0.05084758911015222,-0.08518622071700824,,
matr_vs_hust,matr,hust,100,34,26,accel_max_abs,0.13547264433203113,0.050637833075565006,-0.08483481125646612,,
matr_vs_hust,matr,hust,100,34,27,accel_std,0.12832913382187547,0.047967685943128245,-0.08036144787874723,,
matr_vs_hust,matr,hust,100,34,28,std_diff,0.12793997027796344,0.04782222190001542,-0.08011774837794801,,
matr_vs_hust,matr,hust,100,34,29,variance_Qdis,0.11689605623868488,0.043694156943586075,-0.07320189929509881,,
matr_vs_hust,matr,hust,100,34,30,cycle_to_98pct,0.11529454176743326,-0.04309553260238908,0.07219900916504417,,
matr_vs_hust,matr,hust,100,34,31,cycle_to_95pct,0.11126124104191722,-0.04158793961275384,0.06967330142916338,,
matr_vs_hust,matr,hust,100,34,32,poly2_b,0.09888485630256243,-0.0369618152198899,0.06192304108267253,,
matr_vs_hust,matr,hust,100,34,33,Qdis_N,0.09450434830294946,0.03532444087051887,-0.05917990743243059,,
matr_vs_hust,matr,hust,100,34,34,range_Qdis,0.07229030635962817,0.027021133930540647,-0.045269172429087526,,
matr_vs_sandia,matr,sandia,100,34,1,cycle_to_99pct,2.1253184574846085,0.5936643735990526,,-1.531654083885556,
matr_vs_sandia,matr,sandia,100,34,2,retention_ratio,1.9142634270049226,0.5347104544706485,,-1.3795529725342741,
matr_vs_sandia,matr,sandia,100,34,3,delta_Qdis,1.9136015965793693,0.5345255856366954,,-1.3790760109426738,
matr_vs_sandia,matr,sandia,100,34,4,mean_diff,1.9136015965793447,0.5345255856366884,,-1.3790760109426563,
matr_vs_sandia,matr,sandia,100,34,5,Qdis_N,1.8849883214240437,0.5265330506771119,,-1.358455270746932,
matr_vs_sandia,matr,sandia,100,34,6,cycle_to_98pct,1.8753817301681872,0.5238496452983764,,-1.3515320848698107,
matr_vs_sandia,matr,sandia,100,34,7,Qdis_cycle10,1.8586205936652265,0.5191677635936464,,-1.3394528300715802,
matr_vs_sandia,matr,sandia,100,34,8,slope_linear,1.8191505727759858,0.5081426180938506,,-1.3110079546821352,
matr_vs_sandia,matr,sandia,100,34,9,exp_decay_k,1.8137361766898652,-0.5066302169524763,,1.3071059597373889,
matr_vs_sandia,matr,sandia,100,34,10,slope_first_quarter,1.780709425537984,0.49740486746871065,,-1.2833045580692735,
matr_vs_sandia,matr,sandia,100,34,11,mad_Qdis,1.7399467052597233,-0.4860186327541127,,1.2539280725056106,
matr_vs_sandia,matr,sandia,100,34,12,cycle_to_95pct,1.736575856611219,0.4850770549193347,,-1.2514988016918844,
matr_vs_sandia,matr,sandia,100,34,13,pos_neg_diff_ratio,1.6779848981822678,0.4687108654140413,,-1.2092740327682265,
matr_vs_sandia,matr,sandia,100,34,14,linearity_r2,1.577185815443141,-0.4405546970511569,,1.1366311183919842,
matr_vs_sandia,matr,sandia,100,34,15,poly2_b,1.543780915594588,0.43122371943982907,,-1.112557196154759,
matr_vs_sandia,matr,sandia,100,34,16,skewness_Qdis,1.1464645685455461,-0.320241499593728,,0.8262230689518182,
matr_vs_sandia,matr,sandia,100,34,17,poly2_c,1.0173476057780304,-0.28417530887654485,,0.7331722969014856,
matr_vs_sandia,matr,sandia,100,34,18,sample_entropy,0.8939806921480409,0.2497152771363244,,-0.6442654150117164,
matr_vs_sandia,matr,sandia,100,34,19,poly2_a,0.8418749113351658,0.2351605897584204,,-0.6067143215767453,
matr_vs_sandia,matr,sandia,100,34,20,variance_Qdis,0.5840541536942443,-0.16314361835034757,,0.4209105353438967,
matr_vs_sandia,matr,sandia,100,34,21,n_capacity_jumps,0.565471540112348,-0.15795294416546035,,0.4075185959468877,
matr_vs_sandia,matr,sandia,100,34,22,slope_last_quarter,0.5475795992348864,0.15295519531700735,,-0.39462440391787906,
matr_vs_sandia,matr,sandia,100,34,23,kurtosis_Qdis,0.518916011249702,0.1449486064943301,,-0.3739674047553719,
matr_vs_sandia,matr,sandia,100,34,24,range_Qdis,0.5077493449000485,-0.14182942594973422,,0.3659199189503143,
matr_vs_sandia,matr,sandia,100,34,25,autocorr_lag1,0.5032859611448094,-0.14058267071084063,,0.36270329043396876,
matr_vs_sandia,matr,sandia,100,34,26,slope_ratio,0.4375597505839023,-0.12222339401784982,,0.31533635656605247,
matr_vs_sandia,matr,sandia,100,34,27,knee_cycle,0.2602276358054844,-0.07268928374454883,,0.18753835206093558,
matr_vs_sandia,matr,sandia,100,34,28,accel_mean,0.24263039142512252,-0.06777385235338618,,0.17485653907173634,
matr_vs_sandia,matr,sandia,100,34,29,spectral_entropy,0.18151633563488678,-0.05070288704885071,,0.13081344858603608,
matr_vs_sandia,matr,sandia,100,34,30,accel_max_abs,0.029129136649508558,0.008136630349024726,,-0.020992506300483833,
matr_vs_sandia,matr,sandia,100,34,31,std_diff,0.01776049732119217,-0.0049610327712827605,,0.012799464549909408,
matr_vs_sandia,matr,sandia,100,34,32,max_drop,0.015499529856662432,0.004329477613592873,,-0.011170052243069559,
matr_vs_sandia,matr,sandia,100,34,33,accel_std,0.009937219417654249,0.002775759613869918,,-0.007161459803784331,
matr_vs_sandia,matr,sandia,100,34,34,fft_top3_energy_ratio,0.00828689894519413,-0.002314776241673629,,0.005972122703520501,
matr_vs_luh,matr,luh,100,34,1,cycle_to_99pct,1.968905616922925,0.8881021080588513,,,-1.0808035088640737
matr_vs_luh,matr,luh,100,34,2,cycle_to_98pct,1.953830186587052,0.8813021267158617,,,-1.0725280598711902
matr_vs_luh,matr,luh,100,34,3,Qdis_cycle10,1.7562223094912508,0.7921683608768889,,,-0.9640539486143619
matr_vs_luh,matr,luh,100,34,4,autocorr_lag1,1.732810384899211,-0.7816080885077291,,,0.9512022963914818
matr_vs_luh,matr,luh,100,34,5,pos_neg_diff_ratio,1.705972419944913,0.769502453251748,,,-0.9364699666931652
matr_vs_luh,matr,luh,100,34,6,slope_first_quarter,1.7048959198056015,0.7690168829761436,,,-0.9358790368294579
matr_vs_luh,matr,luh,100,34,7,accel_mean,1.6972637892385478,-0.7655743049331322,,,0.9316894843054156
matr_vs_luh,matr,luh,100,34,8,linearity_r2,1.6614828342050065,-0.7494348103222586,,,0.912048023882748
matr_vs_luh,matr,luh,100,34,9,poly2_b,1.648146710167992,0.7434193671396048,,,-0.9047273430283874
matr_vs_luh,matr,luh,100,34,10,retention_ratio,1.4955945153172658,0.6746085898877868,,,-0.820985925429479
matr_vs_luh,matr,luh,100,34,11,delta_Qdis,1.494782947562718,0.67424252102829,,,-0.820540426534428
matr_vs_luh,matr,luh,100,34,12,mean_diff,1.4947829475626822,0.6742425210282738,,,-0.8205404265344084
matr_vs_luh,matr,luh,100,34,13,Qdis_N,1.4768933997417073,0.6661731930749833,,,-0.8107202066667238
matr_vs_luh,matr,luh,100,34,14,slope_linear,1.4297377791447778,0.644902998252538,,,-0.7848347808922397
matr_vs_luh,matr,luh,100,34,15,exp_decay_k,1.3929202606526156,-0.628295947358201,,,0.7646243132944145
matr_vs_luh,matr,luh,100,34,16,mad_Qdis,1.3440308035022235,-0.6062436815797264,,,0.7377871219224971
matr_vs_luh,matr,luh,100,34,17,sample_entropy,1.2829786442616005,0.5787052608158708,,,-0.7042733834457298
matr_vs_luh,matr,luh,100,34,18,poly2_c,1.1919491188709053,-0.5376451344694296,,,0.6543039844014755
matr_vs_luh,matr,luh,100,34,19,skewness_Qdis,1.1867786704564383,-0.5353129322058827,,,0.6514657382505554
matr_vs_luh,matr,luh,100,34,20,cycle_to_95pct,1.1447531329041745,0.5163567322886914,,,-0.6283964006154831
matr_vs_luh,matr,luh,100,34,21,slope_last_quarter,1.0985666386008532,0.49552367528378916,,,-0.6030429633170641
matr_vs_luh,matr,luh,100,34,22,knee_cycle,0.839271042319381,-0.3785648105781038,,,0.46070623174127723
matr_vs_luh,matr,luh,100,34,23,kurtosis_Qdis,0.7052820616736795,0.3181272278187661,,,-0.38715483385491334
matr_vs_luh,matr,luh,100,34,24,fft_top3_energy_ratio,0.615924076045883,-0.2778210725994183,,,0.33810300344646466
matr_vs_luh,matr,luh,100,34,25,variance_Qdis,0.601456140914984,-0.27129511037016313,,,0.3301610305448209
matr_vs_luh,matr,luh,100,34,26,slope_ratio,0.4760194581327879,-0.21471515983861922,,,0.2613042982941687
matr_vs_luh,matr,luh,100,34,27,range_Qdis,0.470396103328376,-0.2121786678842887,,,0.2582174354440873
matr_vs_luh,matr,luh,100,34,28,poly2_a,0.44862451437561135,-0.20235829159074947,,,0.24626622278486188
matr_vs_luh,matr,luh,100,34,29,spectral_entropy,0.3793258921555471,0.17110018965314053,,,-0.20822570250240655
matr_vs_luh,matr,luh,100,34,30,n_capacity_jumps,0.2392082507707713,0.10789818970936914,,,-0.13131006106140217
matr_vs_luh,matr,luh,100,34,31,accel_std,0.16056145281722428,0.07242346382393944,,,-0.08813798899328483
matr_vs_luh,matr,luh,100,34,32,accel_max_abs,0.1538954032380718,0.06941664997121533,,,-0.08447875326685647
matr_vs_luh,matr,luh,100,34,33,std_diff,0.14720191137444913,0.06639745789656003,,,-0.0808044534778891
matr_vs_luh,matr,luh,100,34,34,max_drop,0.14640590028680833,0.0660384060868157,,,-0.08036749419999265
hust_vs_sandia,hust,sandia,100,34,1,cycle_to_99pct,1.905029748564639,,0.7500117120333226,-1.1550180365313165,
hust_vs_sandia,hust,sandia,100,34,2,retention_ratio,1.7095236728564154,,0.6730408160852005,-1.036482856771215,
hust_vs_sandia,hust,sandia,100,34,3,mean_diff,1.7086917150176664,,0.6727132736290024,-1.035978441388664,
hust_vs_sandia,hust,sandia,100,34,4,delta_Qdis,1.7086917150176641,,0.6727132736290017,-1.0359784413886626,
hust_vs_sandia,hust,sandia,100,34,5,cycle_to_98pct,1.6994719279629695,,0.6690834362058934,-1.030388491757076,
hust_vs_sandia,hust,sandia,100,34,6,Qdis_N,1.6918006296037646,,0.6660632400014863,-1.0257373896022783,
hust_vs_sandia,hust,sandia,100,34,7,pos_neg_diff_ratio,1.676691558869559,,0.6601147869565194,-1.0165767719130396,
hust_vs_sandia,hust,sandia,100,34,8,slope_linear,1.6421608491269781,,0.6465200193413299,-0.9956408297856482,
hust_vs_sandia,hust,sandia,100,34,9,exp_decay_k,1.6345348091458138,,-0.6435176413959895,0.9910171677498244,
hust_vs_sandia,hust,sandia,100,34,10,Qdis_cycle10,1.6065126857357936,,0.6324853093447946,-0.974027376390999,
hust_vs_sandia,hust,sandia,100,34,11,cycle_to_95pct,1.550297864398706,,0.6103534899207502,-0.9399443744779556,
hust_vs_sandia,hust,sandia,100,34,12,range_Qdis,1.5484866575220693,,-0.6096404163472714,0.938846241174798,
hust_vs_sandia,hust,sandia,100,34,13,mad_Qdis,1.5434551193377881,,-0.6076594958022788,0.9357956235355093,
hust_vs_sandia,hust,sandia,100,34,14,slope_first_quarter,1.5350358010164882,,0.6043448035497985,-0.9306909974666897,
hust_vs_sandia,hust,sandia,100,34,15,poly2_b,1.358479607914577,,0.5348344913049514,-0.8236451166096255,
hust_vs_sandia,hust,sandia,100,34,16,variance_Qdis,1.250830721845294,,-0.4924530400965724,0.7583776817487217,
hust_vs_sandia,hust,sandia,100,34,17,sample_entropy,1.1388852569124976,,0.44838002240649505,-0.6905052345060027,
hust_vs_sandia,hust,sandia,100,34,18,autocorr_lag1,1.0839547693682299,,-0.4267538462079645,0.6572009231602653,
hust_vs_sandia,hust,sandia,100,34,19,skewness_Qdis,1.002932229945951,,-0.3948552086401382,0.6080770213058129,
hust_vs_sandia,hust,sandia,100,34,20,poly2_c,0.9369066643186703,,-0.3688608914640434,0.5680457728546269,
hust_vs_sandia,hust,sandia,100,34,21,fft_top3_energy_ratio,0.9262188520842191,,0.36465309137173874,-0.5615657607124803,
hust_vs_sandia,hust,sandia,100,34,22,max_drop,0.9250503004572495,,-0.36419303167608247,0.5608572687811669,
hust_vs_sandia,hust,sandia,100,34,23,spectral_entropy,0.8840151229750255,,-0.34803744999016745,0.5359776729848581,
hust_vs_sandia,hust,sandia,100,34,24,slope_ratio,0.8796448084737204,,-0.34631685372981125,0.5333279547439091,
hust_vs_sandia,hust,sandia,100,34,25,linearity_r2,0.8432580420567537,,-0.33199135514045436,0.5112666869162994,
hust_vs_sandia,hust,sandia,100,34,26,poly2_a,0.8132325774828942,,0.3201703060956185,-0.49306227138727576,
hust_vs_sandia,hust,sandia,100,34,27,std_diff,0.7812973504298926,,-0.3075973820590128,0.4736999683708797,
hust_vs_sandia,hust,sandia,100,34,28,accel_max_abs,0.7485522628526323,,-0.29470561529631195,0.45384664755632037,
hust_vs_sandia,hust,sandia,100,34,29,accel_std,0.6868898454714377,,-0.2704290730202511,0.4164607724511866,
hust_vs_sandia,hust,sandia,100,34,30,n_capacity_jumps,0.49096581177950155,,-0.19329362668484312,0.2976721850946584,
hust_vs_sandia,hust,sandia,100,34,31,slope_last_quarter,0.4345084050879737,,0.1710663012157377,-0.26344210387223604,
hust_vs_sandia,hust,sandia,100,34,32,kurtosis_Qdis,0.3444570166108816,,0.13561299866570148,-0.20884401794518012,
hust_vs_sandia,hust,sandia,100,34,33,knee_cycle,0.22895523863764444,,0.09013985773135597,-0.13881538090628848,
hust_vs_sandia,hust,sandia,100,34,34,accel_mean,0.07024417057940888,,-0.02765518526748381,0.042588985311925065,
hust_vs_luh,hust,luh,100,34,1,cycle_to_98pct,1.9725327560356893,,1.1425599570479947,,-0.8299727989876946
hust_vs_luh,hust,luh,100,34,2,cycle_to_99pct,1.9565441070140361,,1.133298772368786,,-0.8232453346452502
hust_vs_luh,hust,luh,100,34,3,accel_std,1.9532288575859509,,1.1313784639568896,,-0.8218503936290612
hust_vs_luh,hust,luh,100,34,4,autocorr_lag1,1.9292004267701772,,-1.1174603564898296,,0.8117400702803478
hust_vs_luh,hust,luh,100,34,5,accel_max_abs,1.8915951615203985,,1.0956780717003403,,-0.7959170898200584
hust_vs_luh,hust,luh,100,34,6,pos_neg_diff_ratio,1.8124485147611913,,1.0498335659272473,,-0.762614948833944
hust_vs_luh,hust,luh,100,34,7,sample_entropy,1.7642910083388341,,1.021939054010472,,-0.742351954328362
hust_vs_luh,hust,luh,100,34,8,slope_first_quarter,1.6033933205861008,,0.9287414862411295,,-0.6746518343449712
hust_vs_luh,hust,luh,100,34,9,poly2_b,1.5868348201378448,,0.9191502236864019,,-0.6676845964514428
hust_vs_luh,hust,luh,100,34,10,Qdis_cycle10,1.5707528412255174,,0.9098349790704816,,-0.6609178621550358
hust_vs_luh,hust,luh,100,34,11,retention_ratio,1.3979997540052211,,0.8097703493144999,,-0.5882294046907213
hust_vs_luh,hust,luh,100,34,12,delta_Qdis,1.3970189059874079,,0.809202207839701,,-0.587816698147707
hust_vs_luh,hust,luh,100,34,13,mean_diff,1.3970189059873817,,0.8092022078396857,,-0.5878166981476961
hust_vs_luh,hust,luh,100,34,14,Qdis_N,1.3895081194168903,,0.8048516975857415,,-0.584656421831149
hust_vs_luh,hust,luh,100,34,15,slope_linear,1.3363507993814863,,0.7740611187674182,,-0.5622896806140681
hust_vs_luh,hust,luh,100,34,16,exp_decay_k,1.2962700882520315,,-0.7508449691514499,,0.5454251191005816
hust_vs_luh,hust,luh,100,34,17,range_Qdis,1.2814293094424731,,-0.7422486710431813,,0.5391806383992919
hust_vs_luh,hust,luh,100,34,18,mad_Qdis,1.2118988747755526,,-0.7019742116186262,,0.5099246631569264
hust_vs_luh,hust,luh,100,34,19,poly2_c,1.2040866004024804,,-0.6974490690855896,,0.5066375313168907
hust_vs_luh,hust,luh,100,34,20,linearity_r2,1.157231993304372,,-0.6703092420232971,,0.48692275128107493
hust_vs_luh,hust,luh,100,34,21,skewness_Qdis,1.1055963373574955,,-0.6404000642617187,,0.4651962730957768
hust_vs_luh,hust,luh,100,34,22,kurtosis_Qdis,1.0910878285940193,,0.6319962285845139,,-0.45909160000950544
hust_vs_luh,hust,luh,100,34,23,cycle_to_95pct,1.0631009577218093,,0.6157852541995179,,-0.4473157035222915
hust_vs_luh,hust,luh,100,34,24,std_diff,1.0251543775521803,,0.5938052678717547,,-0.4313491096804257
hust_vs_luh,hust,luh,100,34,25,slope_ratio,0.9923721266577517,,-0.5748166416706103,,0.4175554849871414
hust_vs_luh,hust,luh,100,34,26,slope_last_quarter,0.9860685887845942,,0.5711654120828797,,-0.4149031767017145
hust_vs_luh,hust,luh,100,34,27,accel_mean,0.9632396104775358,,-0.5579420694569335,,0.4052975410206024
hust_vs_luh,hust,luh,100,34,28,variance_Qdis,0.7544671285309905,,-0.4370137465807924,,0.31745338195019807
hust_vs_luh,hust,luh,100,34,29,fft_top3_energy_ratio,0.41516718878837555,,-0.24047935525446915,,0.1746878335339064
hust_vs_luh,hust,luh,100,34,30,poly2_a,0.3026524340392327,,-0.17530687436153378,,0.12734555967769895
hust_vs_luh,hust,luh,100,34,31,max_drop,0.22686463910154314,,0.131407933031495,,-0.09545670607004814
hust_vs_luh,hust,luh,100,34,32,knee_cycle,0.22081672253212828,,-0.12790476824265354,,0.09291195428947474
hust_vs_luh,hust,luh,100,34,33,spectral_entropy,0.05392028086932878,,0.031232512416116024,,-0.02268776845321275
hust_vs_luh,hust,luh,100,34,34,n_capacity_jumps,0.0,,0.0,,0.0
sandia_vs_luh,sandia,luh,100,34,1,autocorr_lag1,1.7816699455805933,,,-1.210621886099634,0.5710480594809592
sandia_vs_luh,sandia,luh,100,34,2,fft_top3_energy_ratio,1.288898598357824,,,-0.8757900732431367,0.4131085251146874
sandia_vs_luh,sandia,luh,100,34,3,sample_entropy,1.2520381659181858,,,0.8507438819700494,-0.40129428394813643
sandia_vs_luh,sandia,luh,100,34,4,spectral_entropy,1.1931648001068964,,,0.8107401846880196,-0.3824246154188768
sandia_vs_luh,sandia,luh,100,34,5,Qdis_cycle10,1.1208410332079863,,,-0.7615971123079832,0.3592439209000031
sandia_vs_luh,sandia,luh,100,34,6,kurtosis_Qdis,1.1025778517992042,,,0.7491875146840745,-0.3533903371151297
sandia_vs_luh,sandia,luh,100,34,7,max_drop,1.0198352570462625,,,0.6929649823519477,-0.3268702746943149
sandia_vs_luh,sandia,luh,100,34,8,pos_neg_diff_ratio,1.003714924163519,,,0.6820114228290578,-0.3217035013344613
sandia_vs_luh,sandia,luh,100,34,9,linearity_r2,0.9889087789418572,,,-0.6719508369733137,0.31695794196854354
sandia_vs_luh,sandia,luh,100,34,10,poly2_a,0.945629947599038,,,-0.6425434259327055,0.3030865216663325
sandia_vs_luh,sandia,luh,100,34,11,std_diff,0.9061409621509633,,,0.6157111665897571,-0.2904297955612061
sandia_vs_luh,sandia,luh,100,34,12,accel_max_abs,0.8809827867746772,,,0.5986165089622807,-0.28236627781239654
sandia_vs_luh,sandia,luh,100,34,13,accel_std,0.8769279675610844,,,0.595861311291506,-0.28106665626957833
sandia_vs_luh,sandia,luh,100,34,14,cycle_to_95pct,0.5660318492580646,,,-0.3846113847522744,0.18142046450579016
sandia_vs_luh,sandia,luh,100,34,15,n_capacity_jumps,0.5426464184299173,,,0.3687212843177643,-0.17392513411215302
sandia_vs_luh,sandia,luh,100,34,16,knee_cycle,0.35076876517812133,,,-0.23834287890308253,0.11242588627503881
sandia_vs_luh,sandia,luh,100,34,17,skewness_Qdis,0.29926063360247934,,,0.20334376385809488,-0.09591686974438447
sandia_vs_luh,sandia,luh,100,34,18,slope_last_quarter,0.24876839892941283,,,0.1690349377340881,-0.07973346119532472
sandia_vs_luh,sandia,luh,100,34,19,slope_first_quarter,0.2332207372360366,,,-0.1584705009424351,0.07475023629360152
sandia_vs_luh,sandia,luh,100,34,20,cycle_to_98pct,0.23124787733540564,,,0.15712996793303197,-0.07411790940237369
sandia_vs_luh,sandia,luh,100,34,21,range_Qdis,0.2253680927968119,,,0.15313472972091088,-0.072233363075901
sandia_vs_luh,sandia,luh,100,34,22,poly2_c,0.217207188383167,,,0.14758949979881858,-0.0696176885843484
sandia_vs_luh,sandia,luh,100,34,23,mad_Qdis,0.17635715431027874,,,-0.11983242536467649,0.05652472894560224
sandia_vs_luh,sandia,luh,100,34,24,slope_linear,0.17544217487781041,,,0.11921070857082014,-0.05623146630699028
sandia_vs_luh,sandia,luh,100,34,25,exp_decay_k,0.16638590037800183,,,-0.11305708615428317,0.05332881422371867
sandia_vs_luh,sandia,luh,100,34,26,variance_Qdis,0.15279904016444001,,,-0.10382498882968356,0.04897405133475644
sandia_vs_luh,sandia,luh,100,34,27,slope_ratio,0.13988851606994568,,,0.09505245322701436,-0.04483606284293133
sandia_vs_luh,sandia,luh,100,34,28,cycle_to_99pct,0.09891965852713577,,,-0.06721463976843844,0.031705018758697336
sandia_vs_luh,sandia,luh,100,34,29,poly2_b,0.06309795765917266,,,-0.04287425328123291,0.02022370437793974
sandia_vs_luh,sandia,luh,100,34,30,accel_mean,0.04973780449763811,,,-0.03379620049198487,0.015941604005653243
sandia_vs_luh,sandia,luh,100,34,31,Qdis_N,0.04619200372516903,,,0.03138687432607722,-0.014805129399091807
sandia_vs_luh,sandia,luh,100,34,32,delta_Qdis,0.0043857281031443466,,,-0.002980046018803375,0.0014056820843409716
sandia_vs_luh,sandia,luh,100,34,33,mean_diff,0.0043857281031285805,,,-0.0029800460187924395,0.001405682084336141
sandia_vs_luh,sandia,luh,100,34,34,retention_ratio,0.00019670345173575674,,,0.00013365747361749892,-6.304597811825782e-05
