MAE,SMAPE,R2,skipped,train_cells,target_cells,pearson_r,linear_adapter_R2,tuning_kernel,direction,source,target,source_variant,target_variant,seed,model,n_cycles,source_cells,target_cells_total,life_ratio_target_over_source
795.335334953934,70.76631066385758,-8.413879630688095,False,89,77,0.07334825831458221,0.005379966997782537,1.18**2 * RBF(length_scale=2.65) + WhiteKernel(noise_level=0.229),matr_to_hust,matr,hust,full,full,42,gaussian_process,100,129,77,2.085201733901205
772.8689525873293,68.20913646146535,-8.143239826783574,False,89,77,-0.1802709936108277,0.03249763113743509,1.39**2 * RBF(length_scale=3.81) + WhiteKernel(noise_level=0.32),matr_to_hust,matr,hust,full,full,123,gaussian_process,100,129,77,2.085201733901205
730.2418580130218,64.00179044743555,-7.681280558665806,False,89,77,-0.19484847922136164,0.03796592985487712,1.36**2 * RBF(length_scale=5.98) + WhiteKernel(noise_level=0.383),matr_to_hust,matr,hust,full,full,456,gaussian_process,100,129,77,2.085201733901205
743.9570310514687,64.55839087251626,-7.48086467571007,False,89,77,-0.18881454976901554,0.03565093420447596,1.21**2 * RBF(length_scale=3.81) + WhiteKernel(noise_level=0.322),matr_to_hust,matr,hust,full,full,789,gaussian_process,100,129,77,2.085201733901205
772.6330165993162,67.93627802393793,-7.964420445941036,False,89,77,-0.10950675872319653,0.011991730206060147,1.15**2 * RBF(length_scale=3.62) + WhiteKernel(noise_level=0.314),matr_to_hust,matr,hust,full,full,1011,gaussian_process,100,129,77,2.085201733901205
809.584878741899,72.36205590006756,-12.083247330469531,False,89,43,-0.058785827403550386,0.003455773503520221,1.18**2 * RBF(length_scale=2.65) + WhiteKernel(noise_level=0.229),matr_to_hust,matr,hust,full,restricted,42,gaussian_process,100,129,43,2.1121171277241073
794.9132671205866,70.81452174763474,-11.92673825955898,False,89,43,-0.2215624783757787,0.04908993182401811,1.39**2 * RBF(length_scale=3.81) + WhiteKernel(noise_level=0.32),matr_to_hust,matr,hust,full,restricted,123,gaussian_process,100,129,43,2.1121171277241073
764.5050774941243,68.24946199842626,-11.516732226304082,False,89,43,-0.14450324602163012,0.020881188110787763,1.36**2 * RBF(length_scale=5.98) + WhiteKernel(noise_level=0.383),matr_to_hust,matr,hust,full,restricted,456,gaussian_process,100,129,43,2.1121171277241073
756.7746027239929,66.01601664852443,-10.73003440033509,False,89,43,-0.24333469804965951,0.05921177527491883,1.21**2 * RBF(length_scale=3.81) + WhiteKernel(noise_level=0.322),matr_to_hust,matr,hust,full,restricted,789,gaussian_process,100,129,43,2.1121171277241073
788.9070193487014,69.81471650918805,-11.46937475484118,False,89,43,-0.007376762445115755,5.441662417171589e-05,1.15**2 * RBF(length_scale=3.62) + WhiteKernel(noise_level=0.314),matr_to_hust,matr,hust,full,restricted,1011,gaussian_process,100,129,43,2.1121171277241073
580.7665427941135,46.397187562729485,-4.45636141542869,False,59,77,-0.1739331063912548,0.030252725498951638,0.956**2 * RBF(length_scale=1.63) + WhiteKernel(noise_level=0.259),matr_to_hust,matr,hust,restricted,full,42,gaussian_process,100,86,77,1.6248959364133062
603.3426231932519,48.743355290367546,-4.818384680292126,False,59,77,0.11541013807317085,0.013319499970068316,0.861**2 * RBF(length_scale=2.29) + WhiteKernel(noise_level=0.469),matr_to_hust,matr,hust,restricted,full,123,gaussian_process,100,86,77,1.6248959364133062
626.8707070413833,51.51027859988244,-5.376168878547511,False,60,77,-0.09030800086066397,0.008155535019449656,1.65**2 * RBF(length_scale=11.9) + WhiteKernel(noise_level=0.553),matr_to_hust,matr,hust,restricted,full,456,gaussian_process,100,86,77,1.6248959364133062
572.3489718022009,46.083600356654756,-4.696232030252441,False,58,77,-0.1629922806644354,0.026566483556193732,1.45**2 * RBF(length_scale=9.4) + WhiteKernel(noise_level=0.629),matr_to_hust,matr,hust,restricted,full,789,gaussian_process,100,86,77,1.6248959364133062
590.6566347856165,47.53489229995188,-4.699142302090013,False,58,77,-0.11457076173824929,0.013126459445282679,1.24**2 * RBF(length_scale=8.38) + WhiteKernel(noise_level=0.649),matr_to_hust,matr,hust,restricted,full,1011,gaussian_process,100,86,77,1.6248959364133062
590.1485934958911,47.46273587832274,-6.412753770594287,False,59,43,-0.11751349838524333,0.013809422302706875,0.956**2 * RBF(length_scale=1.63) + WhiteKernel(noise_level=0.259),matr_to_hust,matr,hust,restricted,restricted,42,gaussian_process,100,86,43,1.6458697891292133
613.0934447070849,49.84836937676509,-6.920560125822247,False,59,43,0.03537527701317997,0.0012514102237594082,0.861**2 * RBF(length_scale=2.29) + WhiteKernel(noise_level=0.469),matr_to_hust,matr,hust,restricted,restricted,123,gaussian_process,100,86,43,1.6458697891292133
648.5728265887203,53.998251364404524,-7.9594479507147895,False,60,43,-0.06853808967167116,0.004697469735842397,1.65**2 * RBF(length_scale=11.9) + WhiteKernel(noise_level=0.553),matr_to_hust,matr,hust,restricted,restricted,456,gaussian_process,100,86,43,1.6458697891292133
600.3890735632624,49.240290857519504,-7.14038941248087,False,58,43,-0.15090393206486533,0.02277199671263741,1.45**2 * RBF(length_scale=9.4) + WhiteKernel(noise_level=0.629),matr_to_hust,matr,hust,restricted,restricted,789,gaussian_process,100,86,43,1.6458697891292133
609.4639189903774,49.621352168022774,-7.016011466283302,False,58,43,-0.16444174756014385,0.0270410883406339,1.24**2 * RBF(length_scale=8.38) + WhiteKernel(noise_level=0.649),matr_to_hust,matr,hust,restricted,restricted,1011,gaussian_process,100,86,43,1.6458697891292133
735.6488452316835,70.26468441611104,-3.788281710365289,False,53,129,-0.12344338899589527,0.015238270286728639,0.587**2 * RBF(length_scale=1.76) + WhiteKernel(noise_level=0.624),hust_to_matr,hust,matr,full,full,42,gaussian_process,100,77,129,0.4795699062311346
711.3964173631691,68.89871633446802,-3.490462584175173,False,53,129,,,0.981**2 * RBF(length_scale=0.01) + WhiteKernel(noise_level=0.0368),hust_to_matr,hust,matr,full,full,123,gaussian_process,100,77,129,0.4795699062311346
716.1475232735118,69.1691010563083,-3.547887078401274,False,53,129,-0.08052325744372306,0.006483994989343378,0.473**2 * RBF(length_scale=1.94) + WhiteKernel(noise_level=0.777),hust_to_matr,hust,matr,full,full,456,gaussian_process,100,77,129,0.4795699062311346
714.253937316387,69.05988004987205,-3.525853057423796,False,53,129,-0.1383129014799866,0.019130458715813536,0.379**2 * RBF(length_scale=2.94) + WhiteKernel(noise_level=0.858),hust_to_matr,hust,matr,full,full,789,gaussian_process,100,77,129,0.4795699062311346
724.3568226114737,69.6332433086726,-3.6480833796854686,False,53,129,,,0.959**2 * RBF(length_scale=0.38) + WhiteKernel(noise_level=0.0802),hust_to_matr,hust,matr,full,full,1011,gaussian_process,100,77,129,0.4795699062311346
582.7895823859777,50.76704841281696,-2.699400267976116,False,53,86,0.032833924328448824,0.001078066586655435,0.587**2 * RBF(length_scale=1.76) + WhiteKernel(noise_level=0.624),hust_to_matr,hust,matr,full,restricted,42,gaussian_process,100,77,86,0.6154240266040283
560.5114574805908,49.39039317522315,-2.4217523730015658,False,53,86,,,0.981**2 * RBF(length_scale=0.01) + WhiteKernel(noise_level=0.0368),hust_to_matr,hust,matr,full,restricted,123,gaussian_process,100,77,86,0.6154240266040283
564.8651107251953,49.66216449597825,-2.474830508703427,False,53,86,0.07166287298011163,0.005135567363788174,0.473**2 * RBF(length_scale=1.94) + WhiteKernel(noise_level=0.777),hust_to_matr,hust,matr,full,restricted,456,gaussian_process,100,77,86,0.6154240266040283
562.9142701431643,49.54031677719124,-2.451327057845481,False,53,86,-0.04477445905650465,0.002004752183803027,0.379**2 * RBF(length_scale=2.94) + WhiteKernel(noise_level=0.858),hust_to_matr,hust,matr,full,restricted,789,gaussian_process,100,77,86,0.6154240266040283
572.421019060114,50.13065693588735,-2.568302643365155,False,53,86,,,0.959**2 * RBF(length_scale=0.38) + WhiteKernel(noise_level=0.0802),hust_to_matr,hust,matr,full,restricted,1011,gaussian_process,100,77,86,0.6154240266040283
714.7809852863214,69.0915488842151,-3.5312890899394658,False,29,129,-0.04107831370887205,0.0016874278571284984,0.965**2 * RBF(length_scale=1.38) + WhiteKernel(noise_level=1e-06),hust_to_matr,hust,matr,restricted,full,42,gaussian_process,100,43,129,0.4734585913223198
746.8202761716256,70.88302366166752,-3.9283254211966963,False,30,129,-0.0991735123955143,0.009835385560878818,0.948**2 * RBF(length_scale=1.68) + WhiteKernel(noise_level=1e-06),hust_to_matr,hust,matr,restricted,full,123,gaussian_process,100,43,129,0.4734585913223198
748.2588175356157,70.96230569557088,-3.9463602377518443,False,29,129,-0.08073762062798451,0.006518563105523567,0.983**2 * RBF(length_scale=1.14) + WhiteKernel(noise_level=1e-06),hust_to_matr,hust,matr,restricted,full,456,gaussian_process,100,43,129,0.4734585913223198
727.1269572609538,69.78888622160655,-3.6822245430329525,False,29,129,-0.08066740112699691,0.006507229602391251,0.979**2 * RBF(length_scale=1.15) + WhiteKernel(noise_level=1.17e-06),hust_to_matr,hust,matr,restricted,full,789,gaussian_process,100,43,129,0.4734585913223198
719.1124835699461,69.33728129168037,-3.5838853281551444,False,30,129,-0.10383423765416255,0.010781548909306049,0.846**2 * RBF(length_scale=1.42) + WhiteKernel(noise_level=0.289),hust_to_matr,hust,matr,restricted,full,1011,gaussian_process,100,43,129,0.4734585913223198
563.6215594717513,49.58467642196215,-2.4596076797331516,False,29,86,0.16193250059735156,0.026222134550752396,0.965**2 * RBF(length_scale=1.38) + WhiteKernel(noise_level=1e-06),hust_to_matr,hust,matr,restricted,restricted,42,gaussian_process,100,43,86,0.6075814785622099
593.1133359395188,51.39432574113738,-2.83129179612659,False,30,86,0.07822819516231558,0.006119650518390918,0.948**2 * RBF(length_scale=1.68) + WhiteKernel(noise_level=1e-06),hust_to_matr,hust,matr,restricted,restricted,123,gaussian_process,100,43,86,0.6075814785622099
594.4550443027631,51.47545613522587,-2.8484094189311557,False,29,86,-0.057066297263222564,0.0032565512142745945,0.983**2 * RBF(length_scale=1.14) + WhiteKernel(noise_level=1e-06),hust_to_matr,hust,matr,restricted,restricted,456,gaussian_process,100,43,86,0.6075814785622099
574.966526720712,50.2875846836956,-2.600184167084813,False,29,86,0.07772976591366042,0.0060418973267488685,0.979**2 * RBF(length_scale=1.15) + WhiteKernel(noise_level=1.17e-06),hust_to_matr,hust,matr,restricted,restricted,789,gaussian_process,100,43,86,0.6075814785622099
567.6014996739979,49.83229603289125,-2.5084785487071937,False,30,86,0.1258724103167912,0.015843863671141545,0.846**2 * RBF(length_scale=1.42) + WhiteKernel(noise_level=0.289),hust_to_matr,hust,matr,restricted,restricted,1011,gaussian_process,100,43,86,0.6075814785622099
