n_cycles,dataset,model,feature,mean_abs_shap_log_cycles_mean,mean_abs_shap_log_cycles_std,mean_shap_log_cycles_mean,relative_importance_mean,relative_importance_std,rank_mean,rank_std,n_seed_runs,MAE_mean,SMAPE_mean,R2_mean,top5_rate,top10_rate,abs_mean_shift_z_raw,abs_mean_shift_z_capnorm,spearman_matr,spearman_hust,spearman_abs_delta,spearman_sign_agree,within_R2_mean,adapted_cross_R2_mean,transfer_stability_score,stability_class
100,hust,random_forest,Qdis_N,0.057168792594980235,0.015426498644914676,0.003948861709845553,0.2824391652512216,0.06860161921846579,1.2,0.4472135954999579,5,177.97215881381194,12.15664726269242,0.33975223954458456,1.0,1.0,8.208490470643092,0.0943727443826826,-0.0372936265148641,0.615506963490366,0.6528005900052303,False,0.0619496487769271,-0.072359703846407,-1.014450646225688,scale_shift_fragile
100,hust,random_forest,linearity_r2,0.027634139080076912,0.015606903443248618,0.007018566601398,0.14331574768712058,0.09205628240473668,2.8,1.6431676725154984,5,177.97215881381194,12.15664726269242,0.33975223954458456,1.0,1.0,0.7926134476073226,0.7926134476073226,-0.301384183652376,-0.3973815486017567,0.0959973649493806,True,0.0571793774847714,-0.0395933442995103,0.3902886778689827,stable_candidate
100,hust,random_forest,Qdis_cycle10,0.022382776674212734,0.01862934863285287,-0.0003025596184076716,0.10610391918662496,0.08415573613808146,4.6,3.209361307176242,5,177.97215881381194,12.15664726269242,0.33975223954458456,0.6,1.0,10.83695782836421,0.200530074660116,-0.1834993682959988,0.6461081425828502,0.829607510878849,False,0.0881290749560108,-0.1303602956720059,-1.0766746804834135,scale_shift_fragile
100,hust,random_forest,poly2_a,0.013692437007192559,0.005882973172630626,-0.0011120902317532486,0.06654443922080508,0.02279006624702094,3.8,0.8366600265340756,5,177.97215881381194,12.15664726269242,0.33975223954458456,1.0,1.0,10.674941602590264,0.2077987351128622,-0.1742863851448957,0.6165979849099005,0.7908843700547963,False,0.0708351643891332,-0.0994945264016915,-1.074607020638265,scale_shift_fragile
100,hust,random_forest,slope_ratio,0.010531644420632093,0.0029412477153492205,0.0038174940306649413,0.0520056177973756,0.011286688341869432,5.0,1.4142135623730951,5,177.97215881381194,12.15664726269242,0.33975223954458456,0.4,1.0,0.2299162253682134,0.2299162253682134,-0.2714587596184837,-0.3576578530615989,0.0861990934431152,True,-0.0179843355993486,-0.2572667548031951,0.4224130194732104,weak_or_mixed
100,hust,random_forest,kurtosis_Qdis,0.006499249247480947,0.006458380525371565,-0.0008119147829990898,0.03448874667289339,0.0384158064683527,10.6,4.61519230368573,5,177.97215881381194,12.15664726269242,0.33975223954458456,0.2,0.4,0.4905777067242087,0.4905777067242087,0.1403498473907871,0.2963503361855911,0.1560004887948039,True,-0.1036165319932155,-3.099790129265697,0.3484130995939667,weak_or_mixed
100,hust,random_forest,sample_entropy,0.006201492497924526,0.0021428734796240735,0.0005353534875617509,0.03168995266287585,0.01436501792395061,8.0,2.345207879911715,5,177.97215881381194,12.15664726269242,0.33975223954458456,0.2,1.0,0.3477327760149168,0.3477327760149168,-0.0238514851634939,0.2455455435771497,0.2693970287406437,False,-0.0057872528674165,-0.2373458720541509,-0.1868584307725593,relationship_unstable
100,hust,random_forest,spectral_entropy,0.004993097090039432,0.0032099733739734664,-0.0019252112185171731,0.024145187009330597,0.014806056582782504,11.0,4.636809247747852,5,177.97215881381194,12.15664726269242,0.33975223954458456,0.2,0.4,0.3301745196525271,0.3301745196525271,0.1547898567835657,-0.0710741303062981,0.2258639870898638,False,-0.0562456401577908,-0.1336489332345817,-0.162458171492811,relationship_unstable
100,hust,random_forest,range_Qdis,0.004557698465379262,0.0022139612331979574,-0.0010537030908091675,0.022600618531123634,0.010189361724252615,12.4,4.159326868617084,5,177.97215881381194,12.15664726269242,0.33975223954458456,0.0,0.4,0.057653016510343,0.0721581347043058,-0.5346940373102244,0.1735249850514964,0.7082190223617209,False,-0.0367611443233264,-1246094425.88638,-0.3627574636574119,relationship_unstable
100,hust,random_forest,max_drop,0.004446190269464953,0.0011287614188815942,-0.0008760519036820518,0.022221517784701304,0.005778620435271685,10.0,1.5811388300841898,5,177.97215881381194,12.15664726269242,0.33975223954458456,0.0,0.6,0.1346543738940666,0.1359979124070844,-0.0711686177215517,0.1464203324360744,0.2175889501576261,False,-0.0311581571186978,-30740250171.031845,-0.128992631162923,relationship_unstable
100,hust,random_forest,skewness_Qdis,0.004232730466575732,0.0028971516541174947,-0.0007250218726513952,0.02059915507826539,0.013549033716911536,12.6,6.985699678629192,5,177.97215881381194,12.15664726269242,0.33975223954458456,0.0,0.6,0.579972294177194,0.579972294177194,-0.0447539663932981,0.0195069371878206,0.0642609035811188,False,-0.0586728985376653,-0.1023297735881547,-0.1191262959171385,relationship_unstable
100,hust,random_forest,pos_neg_diff_ratio,0.004175346358603258,0.003366375854194454,1.6476085277534115e-05,0.020913533539732708,0.016697886643894676,14.0,8.306623862918075,5,177.97215881381194,12.15664726269242,0.33975223954458456,0.2,0.4,0.3989502921015491,0.3989502921015491,-0.0388839695506973,0.109797044929618,0.1486810144803154,False,-0.0637344480336262,-0.0754880028119838,-0.13418305105539,relationship_unstable
100,hust,random_forest,variance_Qdis,0.0037204885263564815,0.001744288164087101,-0.00094965326034737,0.01839849258191564,0.007626675640810491,11.8,3.0331501776206204,5,177.97215881381194,12.15664726269242,0.33975223954458456,0.0,0.2,0.1160514849716816,0.1167984472327037,-0.5681721620677368,-0.0773573620959061,0.4908147999718307,True,-0.0297985737118905,-0.0746237908536887,0.2371848772683324,weak_or_mixed
100,hust,random_forest,autocorr_lag1,0.0036195071508952834,0.002935449804191599,0.0008098266258104262,0.017634948831704515,0.013941958726715812,14.8,6.906518659932803,5,177.97215881381194,12.15664726269242,0.33975223954458456,0.0,0.4,0.6862570928621154,0.6862570928621154,0.072200046963893,0.1545175516461132,0.0823175046822202,True,-0.0434690848753554,-0.0970593220948279,0.3559026837295725,weak_or_mixed
100,hust,random_forest,accel_mean,0.003574531938129174,0.0028645245291906386,-0.0007159842136270046,0.018547219664416657,0.015627711310138594,15.6,7.503332592921629,5,177.97215881381194,12.15664726269242,0.33975223954458456,0.0,0.2,1.22959935337799,1.3537956090616747,0.4929057793888074,-0.156318394230164,0.6492241736189714,False,0.0988571066339727,-1.0998337584639095,-0.4101948831822114,relationship_unstable
100,hust,random_forest,slope_last_quarter,0.0032057660838876656,0.003131892391964096,-0.0008182044620328527,0.016042374350772236,0.016666379047705737,16.0,7.0,5,177.97215881381194,12.15664726269242,0.33975223954458456,0.2,0.2,0.3726140368721802,0.2665852201753617,0.4762603562502095,-0.0739659943098833,0.550226350560093,False,0.0867154482010735,-0.1919223606618001,-0.2442898326097999,relationship_unstable
100,hust,random_forest,fft_top3_energy_ratio,0.0028276214156273,0.0016502115347219492,-0.0003534890135524013,0.013651518367495591,0.007068983768744514,14.8,3.5637059362410923,5,177.97215881381194,12.15664726269242,0.33975223954458456,0.0,0.0,0.4962145609607443,0.4962145609607443,-0.1880275942379851,0.0380674461562861,0.2260950403942713,False,-0.0536782881504775,-0.1498187856333623,-0.1874797043412473,relationship_unstable
100,hust,random_forest,poly2_c,0.0026110563821270956,0.001368321552342682,-0.00026194540182511943,0.012814714040675268,0.006085345485796788,15.0,3.391164991562634,5,177.97215881381194,12.15664726269242,0.33975223954458456,0.0,0.0,0.2588483523428992,0.1960783226436235,0.6573642371188736,0.0299833717826273,0.6273808653362463,True,-0.0424198136199253,-0.275881286459736,0.1474823144804419,weak_or_mixed
100,hust,random_forest,knee_cycle,0.002462810486301569,0.0013684328544727108,0.00016466909041686,0.012637461153467505,0.007734303096735994,17.6,6.107372593840988,5,177.97215881381194,12.15664726269242,0.33975223954458456,0.0,0.2,0.834763550107729,0.834763550107729,-0.2749122631570961,-0.0850996023275905,0.1898126608295056,True,0.0120457900462751,-0.0783063675343923,0.291924927115363,weak_or_mixed
100,hust,random_forest,accel_std,0.0023262816524064036,0.0013279563198647694,-0.00025297274204839334,0.011865852137289119,0.007396209556399941,18.4,4.827007354458868,5,177.97215881381194,12.15664726269242,0.33975223954458456,0.0,0.0,0.1253979196265854,0.1282644140486808,-0.178999094366,0.2858607567544045,0.4648598511204045,False,-0.0362943980266248,-57347387984.23186,-0.25123961350419,relationship_unstable
100,hust,random_forest,accel_max_abs,0.0018895996445369833,0.0007787974045187381,-3.1393574808468316e-05,0.009200181838669835,0.0032187627325731415,18.8,2.16794833886788,5,177.97215881381194,12.15664726269242,0.33975223954458456,0.0,0.0,0.1342210519216805,0.1354344576327857,-0.118220239500228,0.1607613489265814,0.2789815884268095,False,-0.0873707351401829,-29648306856.704777,-0.1596239520016568,relationship_unstable
100,hust,random_forest,mad_Qdis,0.0014966509977181876,0.0008547427718709673,-0.0004488947257660969,0.00742285995803796,0.0044939833714623175,20.8,2.2803508501982757,5,177.97215881381194,12.15664726269242,0.33975223954458456,0.0,0.0,0.7122615467251117,0.5832173802778646,-0.3946102855351098,-0.0776071139871248,0.3170031715479849,True,0.0499338798784528,-0.0249228320522273,0.2845930620956936,weak_or_mixed
100,hust,random_forest,poly2_b,0.001205439465774007,0.001408385086367791,-0.0003249300559277662,0.0056758963713799595,0.006194360539386515,24.8,6.610597552415364,5,177.97215881381194,12.15664726269242,0.33975223954458456,0.0,0.0,0.1306639983656922,0.0987570124918787,-0.2221542056736092,0.0275252873795798,0.249679493053189,False,-0.0617002531829204,-0.0797138246107914,-0.1444393462814483,relationship_unstable
100,hust,random_forest,exp_decay_k,0.001042035646269346,0.0006190158463723023,-8.013139601081509e-05,0.004996560239809133,0.002598643188645207,23.0,4.183300132670378,5,177.97215881381194,12.15664726269242,0.33975223954458456,0.0,0.0,0.1943351001074411,0.1943351001074411,-0.105706123733393,-0.1216160261871407,0.0159099024537477,True,-0.02047545537466,-0.0382180492470142,0.46289478375701,weak_or_mixed
100,hust,random_forest,std_diff,0.0009340115905573227,0.0003055839869682553,0.00025873302940839963,0.004625689672700214,0.0013655980439033191,23.8,1.4832396974191324,5,177.97215881381194,12.15664726269242,0.33975223954458456,0.0,0.0,0.1245365149904919,0.1278739411245449,-0.2603142924390396,0.288121668611753,0.5484359610507925,False,-0.0447840235880984,-57014822555.39878,-0.29289845777397,relationship_unstable
100,hust,random_forest,delta_Qdis,0.000837520733170617,0.0004593887666121884,-0.0004956376404004675,0.0041321178816319,0.0022675662367804255,25.8,2.9495762407505253,5,177.97215881381194,12.15664726269242,0.33975223954458456,0.0,0.0,0.2111489401020372,0.1952441402899176,-0.0203378839221558,0.0556552372326366,0.0759931211547924,False,-0.0100867019790472,-0.1789550559038095,-0.0696689015927018,relationship_unstable
100,hust,random_forest,slope_first_quarter,0.0008072535250088433,0.00034092395682921756,-0.00014560243165689251,0.004028727403576498,0.001616770631496033,26.0,3.674234614174767,5,177.97215881381194,12.15664726269242,0.33975223954458456,0.0,0.0,0.3201740977683865,0.2831254723399592,-0.2360659220398227,0.035530492734959,0.2715964147747818,False,-0.2274888434333856,-0.5806570475104575,-0.1838243220526488,relationship_unstable
100,hust,random_forest,slope_linear,0.0006730326922485619,0.00038687818841499374,-0.00011112837395997523,0.0032181411333486384,0.00160845391416973,27.0,2.4494897427831783,5,177.97215881381194,12.15664726269242,0.33975223954458456,0.0,0.0,0.2538728132062484,0.1948082261328058,0.107120495539964,0.0903576052756599,0.0167628902643041,True,-0.0201450173454067,-0.0527386520955988,0.4535376328869106,weak_or_mixed
100,hust,random_forest,mean_diff,0.0006451036203055714,0.00038453599423114346,-0.0003370968307701835,0.0031348812402539625,0.001815578445120753,28.2,3.3466401061363023,5,177.97215881381194,12.15664726269242,0.33975223954458456,0.0,0.0,0.2111489401020502,0.1952441402899317,-0.0203378839221558,0.0556552372326366,0.0759931211547924,False,-0.0100867019764585,-0.1744515039631385,-0.0696689015927037,relationship_unstable
100,hust,random_forest,retention_ratio,0.0005846128103680446,0.0003242400319236411,-0.0002997729131247996,0.0028565653249409953,0.0015841387707447516,28.6,1.9493588689617927,5,177.97215881381194,12.15664726269242,0.33975223954458456,0.0,0.0,0.1942146224498592,0.1942146224498592,-0.0185713167645414,0.077567679477985,0.0961389962425264,False,-0.010048233831201,-0.1401659281962009,-0.0772016914887421,relationship_unstable
100,hust,random_forest,cycle_to_99pct,0.00041800705446831557,0.00026931341553478266,-1.9283526067664726e-05,0.0020481973858437284,0.0012218937505989195,29.2,2.489979919597747,5,177.97215881381194,12.15664726269242,0.33975223954458456,0.0,0.0,0.7116300876930944,0.7116300876930944,0.2911812672323952,0.102408705298702,0.1887725619336931,True,0.0583836133926983,-0.0944081602849709,0.3572528192718876,stable_candidate
100,hust,random_forest,cycle_to_95pct,0.0,0.0,0.0,0.0,0.0,32.4,0.5477225575051664,5,177.97215881381194,12.15664726269242,0.33975223954458456,0.0,0.0,0.1111514784552648,0.1111514784552648,0.1519126035582209,,,False,-0.0273963063476151,-0.0589697482695184,,relationship_unstable
100,hust,random_forest,cycle_to_98pct,0.0,0.0,0.0,0.0,0.0,33.8,0.44721359549995865,5,177.97215881381194,12.15664726269242,0.33975223954458456,0.0,0.0,0.1151932162102785,0.1151932162102785,0.2089868585705012,0.1961174240996737,0.0128694344708275,True,0.0273694226233065,-0.046467413894301,0.503655722956351,weak_or_mixed
100,hust,random_forest,n_capacity_jumps,0.0,0.0,0.0,0.0,0.0,32.8,0.8366600265340757,5,177.97215881381194,12.15664726269242,0.33975223954458456,0.0,0.0,0.2249547758168087,0.2249547758168087,0.051641906996994,,,False,-0.0431480753939939,-0.0803158433610154,,relationship_unstable
100,matr,catboost,accel_mean,0.06041131119555598,0.03511545047214292,0.01727059606243584,0.11502648655123882,0.05985674627025731,2.6,2.3021728866442674,5,171.66177211053974,23.671376618028027,0.5752479103793123,0.8,1.0,1.22959935337799,1.3537956090616747,0.4929057793888074,-0.156318394230164,0.6492241736189714,False,0.0988571066339727,-1.0998337584639095,-0.4101948831822114,relationship_unstable
100,matr,catboost,poly2_c,0.05388711744684545,0.011701632118302888,0.00021609976962815372,0.10729625062530923,0.02729048589044057,2.6,1.949358868961793,5,171.66177211053974,23.671376618028027,0.5752479103793123,0.8,1.0,0.2588483523428992,0.1960783226436235,0.6573642371188736,0.0299833717826273,0.6273808653362463,True,-0.0424198136199253,-0.275881286459736,0.1474823144804419,weak_or_mixed
100,matr,catboost,slope_last_quarter,0.03639245260411535,0.010699086709437103,0.004943921289688664,0.07104211942425737,0.01734336935721321,4.6,1.949358868961793,5,171.66177211053974,23.671376618028027,0.5752479103793123,0.8,1.0,0.3726140368721802,0.2665852201753617,0.4762603562502095,-0.0739659943098833,0.550226350560093,False,0.0867154482010735,-0.1919223606618001,-0.2442898326097999,relationship_unstable
100,matr,catboost,range_Qdis,0.03604771852215062,0.019581937315864696,0.0008346324860454693,0.07367731698173785,0.045475830202999355,6.0,6.4031242374328485,5,171.66177211053974,23.671376618028027,0.5752479103793123,0.8,0.8,0.057653016510343,0.0721581347043058,-0.5346940373102244,0.1735249850514964,0.7082190223617209,False,-0.0367611443233264,-1246094425.88638,-0.3627574636574119,relationship_unstable
100,matr,catboost,variance_Qdis,0.0321691645717874,0.015663476763222443,-0.0013750872338295084,0.0647916280148444,0.03445473372079135,6.8,4.919349550499537,5,171.66177211053974,23.671376618028027,0.5752479103793123,0.4,0.8,0.1160514849716816,0.1167984472327037,-0.5681721620677368,-0.0773573620959061,0.4908147999718307,True,-0.0297985737118905,-0.0746237908536887,0.2371848772683324,weak_or_mixed
100,matr,catboost,mad_Qdis,0.030188112001926327,0.015331659996498544,-0.0029176885499105766,0.058833913175952456,0.02712463939407473,5.8,3.420526275297414,5,171.66177211053974,23.671376618028027,0.5752479103793123,0.6,0.8,0.7122615467251117,0.5832173802778646,-0.3946102855351098,-0.0776071139871248,0.3170031715479849,True,0.0499338798784528,-0.0249228320522273,0.2845930620956936,weak_or_mixed
100,matr,catboost,sample_entropy,0.021065323844262657,0.005967979676184637,0.00531301149390731,0.04230832667606578,0.014882115259310678,7.8,2.16794833886788,5,171.66177211053974,23.671376618028027,0.5752479103793123,0.2,1.0,0.3477327760149168,0.3477327760149168,-0.0238514851634939,0.2455455435771497,0.2693970287406437,False,-0.0057872528674165,-0.2373458720541509,-0.1868584307725593,relationship_unstable
100,matr,catboost,knee_cycle,0.020634741413798886,0.012864011687451233,0.0006194685744879702,0.040339850853010825,0.022870654322846646,9.4,5.941380311005179,5,171.66177211053974,23.671376618028027,0.5752479103793123,0.2,0.8,0.834763550107729,0.834763550107729,-0.2749122631570961,-0.0850996023275905,0.1898126608295056,True,0.0120457900462751,-0.0783063675343923,0.291924927115363,weak_or_mixed
100,matr,catboost,accel_max_abs,0.018269619367314378,0.011518127093052702,0.0009171811784986752,0.0354521578391256,0.021121875933372194,11.2,5.540758070878027,5,171.66177211053974,23.671376618028027,0.5752479103793123,0.2,0.4,0.1342210519216805,0.1354344576327857,-0.118220239500228,0.1607613489265814,0.2789815884268095,False,-0.0873707351401829,-29648306856.704777,-0.1596239520016568,relationship_unstable
100,matr,catboost,linearity_r2,0.012965737868014748,0.006619688200426382,-0.0023923255663200124,0.02539060648735949,0.011923718438873734,14.4,7.092249290598858,5,171.66177211053974,23.671376618028027,0.5752479103793123,0.0,0.2,0.7926134476073226,0.7926134476073226,-0.301384183652376,-0.3973815486017567,0.0959973649493806,True,0.0571793774847714,-0.0395933442995103,0.3902886778689827,stable_candidate
100,matr,catboost,slope_first_quarter,0.012498656719198602,0.003914827616968815,0.0011212156594090695,0.02443798841033676,0.006982511802443522,13.2,3.3466401061363023,5,171.66177211053974,23.671376618028027,0.5752479103793123,0.0,0.2,0.3201740977683865,0.2831254723399592,-0.2360659220398227,0.035530492734959,0.2715964147747818,False,-0.2274888434333856,-0.5806570475104575,-0.1838243220526488,relationship_unstable
100,matr,catboost,slope_ratio,0.012233239158852249,0.010679903289781684,0.0007856526216958075,0.024114112642380083,0.01991432018386504,18.8,10.497618777608569,5,171.66177211053974,23.671376618028027,0.5752479103793123,0.0,0.4,0.2299162253682134,0.2299162253682134,-0.2714587596184837,-0.3576578530615989,0.0861990934431152,True,-0.0179843355993486,-0.2572667548031951,0.4224130194732104,weak_or_mixed
100,matr,catboost,fft_top3_energy_ratio,0.01213191449971428,0.0030559637337558374,0.0009660354859510115,0.023980648853905027,0.005831909257203031,14.6,4.39317652729776,5,171.66177211053974,23.671376618028027,0.5752479103793123,0.0,0.2,0.4962145609607443,0.4962145609607443,-0.1880275942379851,0.0380674461562861,0.2260950403942713,False,-0.0536782881504775,-0.1498187856333623,-0.1874797043412473,relationship_unstable
100,matr,catboost,Qdis_cycle10,0.011990685348641126,0.010655049927367858,0.002590903948861104,0.024356868661114927,0.02271016358127415,16.4,9.071934744033381,5,171.66177211053974,23.671376618028027,0.5752479103793123,0.2,0.2,10.83695782836421,0.200530074660116,-0.1834993682959988,0.6461081425828502,0.829607510878849,False,0.0881290749560108,-0.1303602956720059,-1.0766746804834135,scale_shift_fragile
100,matr,catboost,delta_Qdis,0.01025379999445784,0.0063146445931028,0.002049268589299329,0.019979972634066076,0.01141283951165192,18.4,9.44986772394196,5,171.66177211053974,23.671376618028027,0.5752479103793123,0.0,0.4,0.2111489401020372,0.1952441402899176,-0.0203378839221558,0.0556552372326366,0.0759931211547924,False,-0.0100867019790472,-0.1789550559038095,-0.0696689015927018,relationship_unstable
100,matr,catboost,poly2_a,0.01023762728123215,0.004902194756845397,0.0011437434756569286,0.020108335209719174,0.008765190587730811,16.2,6.016643582596529,5,171.66177211053974,23.671376618028027,0.5752479103793123,0.0,0.2,10.674941602590264,0.2077987351128622,-0.1742863851448957,0.6165979849099005,0.7908843700547963,False,0.0708351643891332,-0.0994945264016915,-1.074607020638265,scale_shift_fragile
100,matr,catboost,max_drop,0.009963459379119058,0.0037017145767286124,0.0005897299683077332,0.01950544508734085,0.0068563510464519405,17.2,4.868264577855234,5,171.66177211053974,23.671376618028027,0.5752479103793123,0.0,0.0,0.1346543738940666,0.1359979124070844,-0.0711686177215517,0.1464203324360744,0.2175889501576261,False,-0.0311581571186978,-30740250171.031845,-0.128992631162923,relationship_unstable
100,matr,catboost,pos_neg_diff_ratio,0.009843066364794218,0.0041961956280709145,0.0017961604203979478,0.019148815574462567,0.007293908151451475,17.8,5.215361924162119,5,171.66177211053974,23.671376618028027,0.5752479103793123,0.0,0.0,0.3989502921015491,0.3989502921015491,-0.0388839695506973,0.109797044929618,0.1486810144803154,False,-0.0637344480336262,-0.0754880028119838,-0.13418305105539,relationship_unstable
100,matr,catboost,spectral_entropy,0.009783201334078518,0.005446750486674928,-0.0005424451943960563,0.01979572584168633,0.011437495310876133,19.8,9.523654760647302,5,171.66177211053974,23.671376618028027,0.5752479103793123,0.0,0.4,0.3301745196525271,0.3301745196525271,0.1547898567835657,-0.0710741303062981,0.2258639870898638,False,-0.0562456401577908,-0.1336489332345817,-0.162458171492811,relationship_unstable
100,matr,catboost,std_diff,0.009719153472408754,0.004474270557480522,0.0011500901322519835,0.018921898781102335,0.008031172071334372,19.0,6.892024376045111,5,171.66177211053974,23.671376618028027,0.5752479103793123,0.0,0.0,0.1245365149904919,0.1278739411245449,-0.2603142924390396,0.288121668611753,0.5484359610507925,False,-0.0447840235880984,-57014822555.39878,-0.29289845777397,relationship_unstable
100,matr,catboost,slope_linear,0.0092834925431797,0.0062205890246842255,0.0008799706706249105,0.018096703898331665,0.01132265045967511,19.2,7.791020472312981,5,171.66177211053974,23.671376618028027,0.5752479103793123,0.0,0.2,0.2538728132062484,0.1948082261328058,0.107120495539964,0.0903576052756599,0.0167628902643041,True,-0.0201450173454067,-0.0527386520955988,0.4535376328869106,weak_or_mixed
100,matr,catboost,Qdis_N,0.008673387861814782,0.0035531199551371634,0.0014250628529308737,0.016877538550108328,0.0068637161037155975,19.6,6.985699678629193,5,171.66177211053974,23.671376618028027,0.5752479103793123,0.0,0.0,8.208490470643092,0.0943727443826826,-0.0372936265148641,0.615506963490366,0.6528005900052303,False,0.0619496487769271,-0.072359703846407,-1.014450646225688,scale_shift_fragile
100,matr,catboost,skewness_Qdis,0.007189041384948136,0.002312263393072124,0.000991857325765374,0.014082013786794929,0.003989504464634701,21.4,5.856620185738529,5,171.66177211053974,23.671376618028027,0.5752479103793123,0.0,0.0,0.579972294177194,0.579972294177194,-0.0447539663932981,0.0195069371878206,0.0642609035811188,False,-0.0586728985376653,-0.1023297735881547,-0.1191262959171385,relationship_unstable
100,matr,catboost,mean_diff,0.00717996023226167,0.004228463202439743,-0.0009932557794008,0.013859309111689524,0.007615883613883848,23.4,6.8044103344816005,5,171.66177211053974,23.671376618028027,0.5752479103793123,0.0,0.0,0.2111489401020502,0.1952441402899317,-0.0203378839221558,0.0556552372326366,0.0759931211547924,False,-0.0100867019764585,-0.1744515039631385,-0.0696689015927037,relationship_unstable
100,matr,catboost,exp_decay_k,0.007109003053624217,0.00366836977354259,-0.0006661755592315915,0.013852804652611263,0.006410511375007125,23.4,5.8991524815010505,5,171.66177211053974,23.671376618028027,0.5752479103793123,0.0,0.0,0.1943351001074411,0.1943351001074411,-0.105706123733393,-0.1216160261871407,0.0159099024537477,True,-0.02047545537466,-0.0382180492470142,0.46289478375701,weak_or_mixed
100,matr,catboost,autocorr_lag1,0.006952840952076716,0.0029405783984570444,0.0005068733891769621,0.01414560235573229,0.007018342014265849,21.6,7.569676347110225,5,171.66177211053974,23.671376618028027,0.5752479103793123,0.0,0.0,0.6862570928621154,0.6862570928621154,0.072200046963893,0.1545175516461132,0.0823175046822202,True,-0.0434690848753554,-0.0970593220948279,0.3559026837295725,weak_or_mixed
100,matr,catboost,accel_std,0.006944426819537502,0.004096799777099086,-0.00016865573561671934,0.013734061307429648,0.0077410714537910685,23.0,7.483314773547883,5,171.66177211053974,23.671376618028027,0.5752479103793123,0.0,0.0,0.1253979196265854,0.1282644140486808,-0.178999094366,0.2858607567544045,0.4648598511204045,False,-0.0362943980266248,-57347387984.23186,-0.25123961350419,relationship_unstable
100,matr,catboost,poly2_b,0.005981475680379271,0.0025558892969610373,0.0019366597207756172,0.011797352480346999,0.00531155195601918,25.2,4.324349662087931,5,171.66177211053974,23.671376618028027,0.5752479103793123,0.0,0.0,0.1306639983656922,0.0987570124918787,-0.2221542056736092,0.0275252873795798,0.249679493053189,False,-0.0617002531829204,-0.0797138246107914,-0.1444393462814483,relationship_unstable
100,matr,catboost,retention_ratio,0.005966193039358774,0.0018699968160402704,-0.00014732846111660108,0.011626225142165367,0.0030052328767612773,24.6,3.7148351242013415,5,171.66177211053974,23.671376618028027,0.5752479103793123,0.0,0.0,0.1942146224498592,0.1942146224498592,-0.0185713167645414,0.077567679477985,0.0961389962425264,False,-0.010048233831201,-0.1401659281962009,-0.0772016914887421,relationship_unstable
100,matr,catboost,kurtosis_Qdis,0.00539798995564854,0.002230959984817444,-0.00043950462675824265,0.010749309160600384,0.004796589412732221,26.4,3.4351128074635335,5,171.66177211053974,23.671376618028027,0.5752479103793123,0.0,0.0,0.4905777067242087,0.4905777067242087,0.1403498473907871,0.2963503361855911,0.1560004887948039,True,-0.1036165319932155,-3.099790129265697,0.3484130995939667,weak_or_mixed
100,matr,catboost,cycle_to_99pct,0.00397204324356591,0.002525024624728468,-0.0009351414200896975,0.007753966710217652,0.004635232095263178,27.4,4.979959839195493,5,171.66177211053974,23.671376618028027,0.5752479103793123,0.0,0.0,0.7116300876930944,0.7116300876930944,0.2911812672323952,0.102408705298702,0.1887725619336931,True,0.0583836133926983,-0.0944081602849709,0.3572528192718876,stable_candidate
100,matr,catboost,cycle_to_98pct,0.0011758116003144357,0.0018216917416041076,-0.00026390863688223736,0.002275500226473941,0.0033588010921316055,31.8,2.8635642126552705,5,171.66177211053974,23.671376618028027,0.5752479103793123,0.0,0.0,0.1151932162102785,0.1151932162102785,0.2089868585705012,0.1961174240996737,0.0128694344708275,True,0.0273694226233065,-0.046467413894301,0.503655722956351,weak_or_mixed
100,matr,catboost,n_capacity_jumps,0.0010200610714447683,0.0019085640859314325,0.000237553915713539,0.0021510124868906544,0.0039821633092736305,32.4,2.5099800796022262,5,171.66177211053974,23.671376618028027,0.5752479103793123,0.0,0.0,0.2249547758168087,0.2249547758168087,0.051641906996994,,,False,-0.0431480753939939,-0.0803158433610154,,relationship_unstable
100,matr,catboost,cycle_to_95pct,0.00021590289749289244,0.0004827735553332764,0.00021590289749289244,0.0004901318055913709,0.001095968035237017,33.0,0.7071067811865481,5,171.66177211053974,23.671376618028027,0.5752479103793123,0.0,0.0,0.1111514784552648,0.1111514784552648,0.1519126035582209,,,False,-0.0273963063476151,-0.0589697482695184,,relationship_unstable
