dataset,cell_id,status,q0,retirement_cycle,retirement_throughput,available_future_throughput,soh_t0,recent_slope,early_slope,slope_change,curvature,history_mad,max_drop,linearity_r2,slope_ratio,history_range,future_temp,future_charge_rate,future_discharge_rate,future_soc_min,future_soc_max,chemistry,future_protocol,duty_stratum,local_noise,future_soh,target_g,target_horizon,target_instability,baseline_score,model_score
luh,luh_P017_1_S01_C08,eligible_primary,2.9248390592265148,259.0,226.96996678508856,186.6493423446321,0.8149199353117257,-0.00029490164978299735,-0.0004875329707726101,0.00019263132098961273,3.995283760992129e-06,0.008955084892605436,0.004609269717234188,0.9718435465496472,-0.6048855512595521,0.04046150956484662,0.0,0.33,0.33,,,NMC,T0_C0.33_D0.33_Snan-nan,T0_C0.33_D0.33_Snan-nan,3.292033312618514e-16,0.8019860364460786,0.0002586779773129422,50.0,6.128206662697168e-05,0.00030819368088665,0.00026757346051631715
luh,luh_P017_2_S04_C07,eligible_primary,2.924398228171343,216.0,190.264025838635,196.26243564925318,0.8149304336632575,-0.0003856887714864056,-0.0009109919218751136,0.000525303150388708,9.348052983535219e-06,0.014223112946728012,0.004878898667360687,0.9586326533941711,-0.42337232880455666,0.06353907604543974,0.0,0.33,0.33,,,NMC,T0_C0.33_D0.33_Snan-nan,T0_C0.33_D0.33_Snan-nan,3.292033312618514e-16,0.8016907979696477,0.00026479271387219505,50.0,7.361592381213712e-05,0.0004161775560509441,0.00028474510012364867
luh,luh_P017_3_S05_C05,eligible_primary,2.922140229214828,212.0,186.80495213983113,192.66366818991327,0.8147570385105343,-0.0003695571258104771,-0.0009302288368264402,0.0005606717110159631,9.976638876871778e-06,0.015011028105568536,0.005010527756499572,0.9582478296083952,-0.3972754995117703,0.06638314970215942,0.0,0.33,0.33,,,NMC,T0_C0.33_D0.33_Snan-nan,T0_C0.33_D0.33_Snan-nan,0.0003926181131366746,0.8002235974288153,0.0002906688216343789,50.0,3.3505052435630984e-05,0.0003492311105158441,0.00027553518339823777
luh,luh_P018_1_S01_C06,eligible_primary,2.922000481677299,182.0,160.93512562342784,168.90171253671133,0.8145631238507269,-0.0005802053696708549,-0.0013225567188213615,0.0007423513491505066,1.3209232146670131e-05,0.021087817381962193,0.007160270788714063,0.9609855551367307,-0.43869980123644403,0.09287388403187502,0.0,0.33,1.0,,,NMC,T0_C0.33_D1_Snan-nan,T0_C0.33_D1_Snan-nan,3.292033312618514e-16,0.7873126338884645,0.0005450097992452485,50.0,1.6072908899117642e-05,0.0011066628189237361,0.000551848861687067
luh,luh_P018_2_S02_C06,eligible_primary,2.9202162676331644,178.0,157.48928102767906,173.0187432596872,0.8149230748461767,-0.0006037869230630209,-0.0013295330190339631,0.0007257460959709422,1.2885845785284126e-05,0.022172907246524265,0.0072280066609474725,0.9652109865843101,-0.454134582909217,0.09547377183826489,0.0,0.33,1.0,,,NMC,T0_C0.33_D1_Snan-nan,T0_C0.33_D1_Snan-nan,4.938049968927771e-16,0.7874859690424022,0.000548742116075489,50.0,2.2912206199699466e-05,0.0011719259731770857,0.0006038765665779263
luh,luh_P018_3_S04_C05,eligible_primary,2.921189676427542,172.0,152.3754131970473,146.7988112441323,0.8146063465672491,-0.0006479617750015692,-0.0013250549693491593,0.0006770931943475901,1.211745166946516e-05,0.025203510736552637,0.007263502318957005,0.9733964954952572,-0.48900746760704966,0.10177267890593344,0.0,0.33,1.0,,,NMC,T0_C0.33_D1_Snan-nan,T0_C0.33_D1_Snan-nan,3.292033312618514e-16,0.7816537518326616,0.000659051894691749,50.0,1.682343658914748e-05,0.0010413944301929687,0.0005299045784176429
luh,luh_P021_1_S02_C08,eligible_primary,2.9339250858567643,643.0,569.4483645038381,219.86461361910597,0.8148285520492358,-0.00023408664166927335,-0.0002375712166776166,3.484575008343263e-06,5.8175343819427154e-08,0.006205146702026598,0.001257933275111922,0.9999855094684095,-0.9853325034190829,0.023590107461710974,0.0,0.33,0.33,,,NMC,T0_C0.33_D0.33_Snan-nan,T0_C0.33_D0.33_Snan-nan,6.318627797692421e-06,0.8024699295063732,0.0002471724508572515,50.0,9.802948514381864e-05,0.000223144971360061,0.00019838123679316323
luh,luh_P021_2_S03_C08,eligible_primary,2.9418565679004454,616.0,545.0347947600555,223.28303442919048,0.8148714940512626,-0.00024227419034404362,-0.00023769068395064103,-4.583506393402586e-06,-8.630825819380759e-08,0.006274198738097259,0.001289988331742209,0.9999719366449299,-1.019283491961992,0.023997677229606884,0.0,0.33,0.33,,,NMC,T0_C0.33_D0.33_Snan-nan,T0_C0.33_D0.33_Snan-nan,1.646016656309257e-16,0.8023835567914389,0.00024975874519647337,50.0,7.202289778363901e-05,0.00023337867189701617,0.000270048372922277
luh,luh_P021_3_S04_C08,eligible_primary,2.9292624719920237,612.0,542.1628778739368,206.66682120977953,0.8149461368842053,-0.0002542332815199186,-0.00024570629185103666,-8.526989668881967e-06,-1.6503953184913263e-07,0.006525320202913132,0.0013608635681489067,0.9999146287917348,-1.034703993962237,0.024972945917176248,0.0,0.33,0.33,,,NMC,T0_C0.33_D0.33_Snan-nan,T0_C0.33_D0.33_Snan-nan,1.646016656309257e-16,0.8004592378684666,0.0002897379803147726,50.0,0.00016278427205107816,0.00026008798797937127,0.00036782007879899845
luh,luh_P022_1_S03_C06,eligible_primary,2.9472266576620827,452.0,403.3654159947112,81.91944964448913,0.8146954850930764,-0.0004724898284146041,-0.00034047992236749334,-0.00013200990604711075,-2.371887135239413e-06,0.010322705809859278,0.0025197318959877535,0.9932593723780153,-1.3877171526861054,0.04029751223010991,0.0,0.33,1.0,,,NMC,T0_C0.33_D1_Snan-nan,T0_C0.33_D1_Snan-nan,6.584066625237028e-16,0.7456766578103883,0.001380376545653763,50.0,0.0004982753939322257,0.0008905443742209584,0.0008943510111459439
luh,luh_P022_2_S04_C06,eligible_primary,2.9352750921297623,433.0,387.41471076832585,85.88625702649551,0.81488032373002,-0.0006334812265901955,-0.00031831505452007455,-0.0003151661720701209,-5.936844738963614e-06,0.009999518126916351,0.00383092293563414,0.9614730463093062,-1.9901076546483132,0.04564616079084571,0.0,0.33,1.0,,,NMC,T0_C0.33_D1_Snan-nan,T0_C0.33_D1_Snan-nan,3.292033312618514e-16,0.7490585696495211,0.0013164350816099767,50.0,0.0007231505721253216,0.0010931958690465332,0.0011343023031407118
luh,luh_P022_3_S05_C04,eligible_primary,2.933379814673473,399.0,357.21290072192716,55.03806747359903,0.8146404116709589,-0.0005124485868951997,-0.0003980555901800643,-0.00011439299671513545,-2.516837484785016e-06,0.010850223159887207,0.010040283920252135,0.9823338446086016,-1.2873794503511147,0.049304632891035705,0.0,0.33,1.0,,,NMC,T0_C0.33_D1_Snan-nan,T0_C0.33_D1_Snan-nan,1.646016656309257e-16,0.7121903534239079,0.00204900116494102,50.0,1.3485037373120124e-05,0.0008182440693276815,0.0015464944648446426
luh,luh_P025_1_S01_C09,eligible_primary,2.940451520703161,979.0,871.6157075111308,383.7925927793325,0.814999100738307,-0.00016039859151815777,-0.00016313437616679801,2.7357846486402446e-06,5.6201234582486416e-08,0.004268727688983842,0.000883861994170454,0.9999728740627436,-0.9832298702890001,0.01621190671187689,0.0,0.33,0.33,,,NMC,T0_C0.33_D0.33_Snan-nan,T0_C0.33_D0.33_Snan-nan,1.646016656309257e-16,0.8074100155792363,0.0001517817031814128,50.0,6.031022689668468e-05,0.00017814401772510278,0.0002855273290364582
luh,luh_P025_2_S02_C09,eligible_primary,2.9268028060542495,943.0,839.2586238117896,327.1723612054517,0.8148685475741488,-0.00016619554423804138,-0.00017334897531374126,7.15343107569988e-06,1.3062394611508444e-07,0.004414854964605974,0.0009208317254670861,0.9998700720578567,-0.9587339292732882,0.016922036991366296,0.0,0.33,0.33,,,NMC,T0_C0.33_D0.33_Snan-nan,T0_C0.33_D0.33_Snan-nan,1.646016656309257e-16,0.8064682789670752,0.00016800537214147314,50.0,3.017979052131091e-05,0.0001529677450387275,0.0001685516933706116
luh,luh_P025_3_S03_C09,eligible_primary,2.949370847898807,955.0,850.4324987626602,363.0201732199249,0.8148811527282959,-0.00016750576376343336,-0.00017222272812455284,4.716964361119484e-06,9.5167254326486e-08,0.004430229682392095,0.0009228033836005123,0.9999307774205003,-0.9726112551317376,0.016945503840535614,0.0,0.33,0.33,,,NMC,T0_C0.33_D0.33_Snan-nan,T0_C0.33_D0.33_Snan-nan,1.646016656309257e-16,0.8067358611969823,0.00016290583062627205,50.0,3.278975393127785e-05,0.0001674393534940301,0.00015768165662866714
luh,luh_P026_1_S01_C07,eligible_primary,2.935214830868402,747.0,668.4101620089015,123.9609997660483,0.8149945591649308,-0.0003100504314340997,-0.00024312396148053138,-6.69264699535683e-05,-1.2007594650349194e-06,0.007152978461964166,0.001644906789478151,0.9963493624615258,-1.2752771448195064,0.027596511921488154,0.0,0.33,1.0,,,NMC,T0_C0.33_D1_Snan-nan,T0_C0.33_D1_Snan-nan,2.5769787191268587e-05,0.7854890351957278,0.0005901104793840606,50.0,0.00017039327962296087,0.0008711137409183924,0.0010448642966627724
luh,luh_P026_2_S02_C07,eligible_primary,2.946438503949202,777.0,696.0549077479594,84.10863871627384,0.8149922937029299,-0.0003022634912329449,-0.0002578594610944836,-4.440403013846128e-05,-8.667142919228065e-07,0.0076700898021414,0.001603321858539064,0.9979376891246214,-1.1722024468289374,0.02819105133145683,0.0,0.33,1.0,,,NMC,T0_C0.33_D1_Snan-nan,T0_C0.33_D1_Snan-nan,1.646016656309257e-16,0.74541146120911,0.0013916166498763993,50.0,3.235325961341751e-05,0.0007257652305579624,0.0005502610269119592
luh,luh_P026_3_S03_C07,eligible_primary,2.9330839126024193,688.0,618.3978825477988,112.44294221192888,0.8146427918988999,-0.00038716154973138066,-0.00032016144720618394,-6.700010252519672e-05,-1.4217750377829795e-06,0.00907060050157904,0.002975857029732354,0.9958969030666487,-1.209269739095253,0.03572824366324068,0.0,0.33,1.0,,,NMC,T0_C0.33_D1_Snan-nan,T0_C0.33_D1_Snan-nan,1.646016656309257e-16,0.7858091052685205,0.0005766737326075866,50.0,0.0006911305945300039,0.0009246812974726133,0.0009148124903111526
luh,luh_P027_2_S02_C05,eligible_primary,2.931260062156458,316.0,291.1941439795263,50.78126261850849,0.8148750453636168,-0.0010245564687394858,-0.0007326461953079138,-0.000291910273431572,-6.231190772952578e-06,0.019670595485691444,0.012028706666182276,0.9787083407222936,-1.3984327978512043,0.09200222824669668,0.0,1.0,1.0,,,NMC,T0_C1_D1_Snan-nan,T0_C1_D1_Snan-nan,1.646016656309257e-16,0.6901483264398708,0.0024945343784749194,50.0,,0.0014956239203788072,0.0015193468236637708
luh,luh_P027_3_S03_C05,eligible_primary,2.934655080675344,330.0,303.10688744492285,67.9675702821209,0.8145637100747002,-0.0011412841015252175,-0.0006102181315780781,-0.0005310659699471394,-1.0344563846837035e-05,0.017106993833808093,0.007774366985039638,0.96183040770922,-1.8702887417877205,0.0851063642718729,0.0,1.0,1.0,,,NMC,T0_C1_D1_Snan-nan,T0_C1_D1_Snan-nan,1.646016656309257e-16,0.7366069632309075,0.0015591349368758545,50.0,0.00016047411966315088,0.0022509337185002884,0.0021878962031311533
luh,luh_P029_1_S06_C08,eligible_primary,2.920356246068688,227.0,199.77162271226135,462.64895313830766,0.8148634810557089,-0.0003765783272795156,-0.0008663288346632195,0.0004897505073837039,8.857874864016189e-06,0.01264705973632263,0.004775755326995479,0.9549053967353969,-0.4346828966230915,0.059388802161379095,10.0,0.33,0.33,,,NMC,T10_C0.33_D0.33_Snan-nan,T10_C0.33_D0.33_Snan-nan,3.292033312618514e-16,0.8035680252963207,0.00022590911518776568,50.0,1.0777000762246854e-05,0.00033443050008262893,0.0002641647936281735
luh,luh_P029_2_S08_C07,eligible_primary,2.9346770298588325,238.0,209.25134963001224,466.6529868990581,0.8149234918193317,-0.00035570353463152267,-0.0007782165916294907,0.00042251305699796804,8.073545099721717e-06,0.011435369328533895,0.004904037477666212,0.9490530765537513,-0.45707523902403935,0.053629114131802824,10.0,0.33,0.33,,,NMC,T10_C0.33_D0.33_Snan-nan,T10_C0.33_D0.33_Snan-nan,3.292033312618514e-16,0.8032128454129299,0.00023421292812803474,50.0,3.071183501447468e-05,0.0003158883609834787,0.0002568176886026467
luh,luh_P029_3_S09_C07,eligible_primary,2.9128987621314213,226.0,199.48965207893062,514.7231637364052,0.8149291665705277,-0.0003964462496525007,-0.000929946254365169,0.0005335000047126683,9.644211682283757e-06,0.013436378233848412,0.005128058787512102,0.9530449700842138,-0.4263109268859157,0.0633185525931903,10.0,0.33,0.33,,,NMC,T10_C0.33_D0.33_Snan-nan,T10_C0.33_D0.33_Snan-nan,1.646016656309257e-16,0.8035113675837077,0.000228355979736401,50.0,1.4367991684432189e-05,0.00036179331188595896,0.00027258454497935725
luh,luh_P030_1_S06_C06,eligible_primary,2.918346575656434,208.0,183.56228008614502,372.33467946942324,0.8148192834822834,-0.0005296779477589585,-0.0009328715441831194,0.00040319359642416086,7.98062495258019e-06,0.013822183444757108,0.006649620748957807,0.9637958235285071,-0.5677930161572006,0.07134970358116899,10.0,0.33,1.0,,,NMC,T10_C0.33_D1_Snan-nan,T10_C0.33_D1_Snan-nan,1.646016656309257e-16,0.7976217141688878,0.0003439513862679111,50.0,1.0691022567140342e-05,0.0005543766459327144,0.0004128718634702782
luh,luh_P030_2_S08_C05,eligible_primary,2.915591718013638,208.0,183.81614577493164,348.1831261522841,0.8147739534746494,-0.0005642929918493577,-0.0009074611535874538,0.00034316816173809604,6.883480035624227e-06,0.014717526828918082,0.006708033479446152,0.9724614846481925,-0.6218370776738442,0.07255973166959184,10.0,0.33,1.0,,,NMC,T10_C0.33_D1_Snan-nan,T10_C0.33_D1_Snan-nan,1.646016656309257e-16,0.7966331151064001,0.00036281676736498624,50.0,2.4629684913807414e-06,0.0005805434973087769,0.0003970154474355383
luh,luh_P030_3_S09_C05,eligible_primary,2.916707573164656,208.0,183.8267157942282,351.8475308991799,0.8145972651462718,-0.0005612051425955903,-0.0009319779307515183,0.000370772788155928,7.3704786534813895e-06,0.014637668255248704,0.006661897573750908,0.9702311886845181,-0.6021656995064806,0.07317739299077819,10.0,0.33,1.0,,,NMC,T10_C0.33_D1_Snan-nan,T10_C0.33_D1_Snan-nan,1.646016656309257e-16,0.796183184146749,0.0003682816199904559,50.0,4.09210642651386e-06,0.000550006663457226,0.0004096457069593951
luh,luh_P033_1_S07_C08,eligible_primary,2.931979215807445,753.0,665.5118434632993,556.3917117155518,0.814850378014037,-0.00020154295398688992,-0.00019553675065797207,-6.006203328917854e-06,-1.1059248332397889e-07,0.005241454789703726,0.0010673449805901347,0.9999365074955895,-1.0307164934914141,0.01985787888060031,10.0,0.33,0.33,,,NMC,T10_C0.33_D0.33_Snan-nan,T10_C0.33_D0.33_Snan-nan,1.646016656309257e-16,0.8054165202645635,0.0001886771549894717,50.0,1.0460236691237781e-05,0.00013842562164456402,0.00022375037238953248
luh,luh_P033_2_S08_C08,eligible_primary,2.938376662801508,722.0,638.8023355010251,582.4390301049949,0.8149876948888871,-0.00020513731778996832,-0.0002105244336421797,5.387115852211377e-06,9.683699069447273e-08,0.0054962156543118534,0.0011169886616675395,0.9999505538942328,-0.9744109709309673,0.020831813403155097,10.0,0.33,0.33,,,NMC,T10_C0.33_D0.33_Snan-nan,T10_C0.33_D0.33_Snan-nan,3.292033312618514e-16,0.8048196493560525,0.00020336091065669136,50.0,1.4478314208901103e-05,0.00016052281113090844,0.00019403235795481088
luh,luh_P033_3_S09_C08,eligible_primary,2.926260176865601,751.0,663.5695609804989,519.4952805853302,0.8149872696317596,-0.0001913954427296768,-0.00019515177180769145,3.756329078014644e-06,7.007391239579929e-08,0.005050460064300988,0.0010345854120390463,0.999968698956862,-0.9807517551943302,0.019277233518326775,10.0,0.33,0.33,,,NMC,T10_C0.33_D0.33_Snan-nan,T10_C0.33_D0.33_Snan-nan,3.292033312618514e-16,0.8055971893993894,0.00018780160464740403,50.0,5.377946193457433e-06,0.0001499183627603023,0.00017379392515304046
luh,luh_P034_1_S07_C06,eligible_primary,2.9359988019016496,635.0,562.6023027913285,470.05037686159255,0.8149342872975606,-0.00023512102854501038,-0.00023357182182781806,-1.5492067171923223e-06,-2.4216685208067923e-08,0.00614610470258542,0.0012579648529829068,0.9999937394818228,-1.0066326781418622,0.023438404727897266,10.0,0.33,1.0,,,NMC,T10_C0.33_D1_Snan-nan,T10_C0.33_D1_Snan-nan,1.646016656309257e-16,0.8033954102601066,0.00023077754074907864,50.0,8.344440247428191e-07,0.00022049793309090814,0.00023740312452933695
luh,luh_P034_2_S08_C06,eligible_primary,2.9452863944678866,636.0,563.4397102866124,460.10118526612473,0.8148536650284905,-0.00023502840285651502,-0.00023349406448632982,-1.5343383701851994e-06,-2.342444966711332e-08,0.0061404257819320796,0.0012825125305370166,0.9999908447338778,-1.006571209309156,0.0234573231295927,10.0,0.33,1.0,,,NMC,T10_C0.33_D1_Snan-nan,T10_C0.33_D1_Snan-nan,1.646016656309257e-16,0.8030457398210259,0.00023615850414929307,50.0,2.8362207377759235e-06,0.00017535377632206132,0.00022933295092966702
luh,luh_P034_3_S09_C06,eligible_primary,2.9493234428383706,631.0,558.616339595659,470.8452138925337,0.8149518231394676,-0.0002314763378237922,-0.00023065006991526511,-8.262679085270909e-07,-1.0326886656443568e-08,0.006032784068751018,0.0012606919430144803,0.9999835353064921,-1.0035823440627207,0.0231527503407869,10.0,0.33,1.0,,,NMC,T10_C0.33_D1_Snan-nan,T10_C0.33_D1_Snan-nan,1.646016656309257e-16,0.8026783463586428,0.000245469535616496,50.0,7.334158318378236e-06,0.0002318948287992623,0.00022337916582004872
luh,luh_P035_2_S09_C04,eligible_primary,2.9383203265745816,405.0,368.06084212643043,56.26305868835027,0.8142298778110637,-0.0010186335417463502,-0.00032269240131736646,-0.0006959411404289837,-1.2555529183821311e-05,0.014805373333862337,0.005502406248576341,0.9424612233063143,-3.1566703696395035,0.06964068509087651,10.0,1.0,1.0,,,NMC,T10_C1_D1_Snan-nan,T10_C1_D1_Snan-nan,3.292033312618514e-16,0.7599658366037887,0.0010852808241455002,50.0,3.642091273394634e-06,0.0020312880532073335,0.0012977937739720876
luh,luh_P035_3_S10_C02,eligible_primary,2.9375773132652347,363.0,330.7158919023069,68.94263684754549,0.8144350602197402,-0.0010599263923259186,-0.00036430977951325706,-0.0006956166128126615,-1.4363656145012199e-05,0.009683009523624997,0.012299567387225707,0.8416101913110341,-2.909409661585405,0.07279407108480507,10.0,1.0,1.0,,,NMC,T10_C1_D1_Snan-nan,T10_C1_D1_Snan-nan,1.646016656309257e-16,0.6866055027671624,0.002556591149051557,50.0,4.4280409079495264e-05,0.001583525247013241,0.0017105003215859972
luh,luh_P037_1_S05_C11,eligible_primary,2.9448083019996583,1032.0,916.2556719488663,400.7935664460566,0.8149809983602277,-0.00014036963907064704,-0.0001453065620322712,4.936922961624156e-06,8.89881378445305e-08,0.0037279137350235136,0.0007689798041508045,0.9999170173944063,-0.9660240880206931,0.01424829798430216,10.0,0.33,0.33,,,NMC,T10_C0.33_D0.33_Snan-nan,T10_C0.33_D0.33_Snan-nan,3.292033312618514e-16,0.809418685255594,0.00011124626209267463,50.0,5.049078659374087e-06,8.990920792548481e-05,0.00013753601476025574
luh,luh_P037_3_S10_C04,eligible_primary,2.9551444457232536,1085.0,964.2241620605416,358.12227211590516,0.8149362644227889,-0.00011436821398034679,-0.00014662790801198123,3.225969403163444e-05,5.827886274829883e-07,0.0034962010718666003,0.0007753569259993931,0.9961859254962087,-0.7799893999101559,0.01322061741246705,10.0,0.33,0.33,,,NMC,T10_C0.33_D0.33_Snan-nan,T10_C0.33_D0.33_Snan-nan,3.292033312618514e-16,0.8080515398750215,0.0001376944909553468,50.0,8.469334156028632e-06,7.077489416286395e-05,0.00012379947607661456
luh,luh_P038_1_S06_C07,eligible_primary,2.940746554303381,980.0,873.6869856068697,558.9564891714315,0.8148557774863644,-0.00017934724921398918,-0.0001806607793713515,1.3135301573623118e-06,2.140133652312449e-08,0.0047420261994630675,0.0009563417636642146,0.9999959155493546,-0.9927293009477042,0.018012626402927112,10.0,0.33,1.0,,,NMC,T10_C0.33_D1_Snan-nan,T10_C0.33_D1_Snan-nan,3.292033312618514e-16,0.8059109406924602,0.00017889673587808463,50.0,2.663308830512258e-06,0.00012381638657602652,0.00016975884285031916
luh,luh_P038_2_S07_C07,eligible_primary,2.9300479162001247,1090.0,971.3924051244604,585.6113536706642,0.8149054733334409,-0.00015991933204318186,-0.00016137476443000732,1.45543238682546e-06,2.410278659610492e-08,0.004224486737584687,0.0008528457236672837,0.9999944726914871,-0.9909810409826704,0.01606235246144816,10.0,0.33,1.0,,,NMC,T10_C0.33_D1_Snan-nan,T10_C0.33_D1_Snan-nan,4.938049968927771e-16,0.806907167803334,0.0001599661106021366,50.0,9.139082692951594e-07,0.00013162589544663878,0.00014964647125857226
luh,luh_P038_3_S10_C03,eligible_primary,2.9357227551867218,940.0,837.3437602043167,535.874382150506,0.8148990871091378,-0.00017802106525588912,-0.0001778465178848129,-1.745473710762285e-07,2.112923848867126e-09,0.004675598245844126,0.0009734437988283551,0.9999940871245279,-1.0009814494720064,0.017802430059965513,10.0,0.33,1.0,,,NMC,T10_C0.33_D1_Snan-nan,T10_C0.33_D1_Snan-nan,1.646016656309257e-16,0.8061469811601262,0.00017504211898023315,50.0,2.036511834611745e-06,0.00015151052202679738,0.0001797702930697754
luh,luh_P039_1_S05_C10,eligible_primary,2.947773924664422,643.0,583.3978381140831,130.69362321512813,0.8139064748218914,-0.0004964838806345726,-0.00046795606219894077,-2.85278184356318e-05,-5.940154511085019e-07,0.0124788552791667,0.003954709652570609,0.9994305355173864,-1.0609626004235924,0.048889738970890884,10.0,1.0,1.0,,,NMC,T10_C1_D1_Snan-nan,T10_C1_D1_Snan-nan,8.230083281546285e-17,0.7430459043009163,0.0014172114104195012,50.0,2.2507865182197003e-05,0.0009762611287615557,0.0009209394980991596
luh,luh_P039_2_S06_C05,eligible_primary,2.953916052544245,671.0,608.4099982873161,141.81511723209485,0.8143708209015449,-0.0006124640697371572,-0.00031923260119512403,-0.00029323146854203316,-6.016739904767205e-06,0.008476504771226412,0.0056975982228043565,0.941079134183208,-1.918551136206799,0.04690234449777386,10.0,1.0,1.0,,,NMC,T10_C1_D1_Snan-nan,T10_C1_D1_Snan-nan,1.646016656309257e-16,0.7581034416294187,0.0011253475854425244,50.0,1.7237651883257133e-05,0.001524085923372946,0.0013316198247815439
luh,luh_P039_3_S07_C05,eligible_primary,2.9432361917236096,641.0,580.0683168994633,82.05928010456626,0.8144780545522511,-0.00046617210501561675,-0.0004013775394827155,-6.479456553290123e-05,-1.4280876487256089e-06,0.010683069268698553,0.007441648310098414,0.9926211823533913,-1.1614304717110149,0.045907924233814845,10.0,1.0,1.0,,,NMC,T10_C1_D1_Snan-nan,T10_C1_D1_Snan-nan,1.646016656309257e-16,0.7231155508388,0.0018272500742690222,50.0,3.0264381200567054e-05,0.0010602991998035186,0.0009606446207237228
luh,luh_P041_1_S11_C08,eligible_primary,2.927791698945236,373.0,329.3036121160525,735.4306977671846,0.8148401554814468,-0.00021425294999705193,-0.00046184160029247035,0.0002475886502954184,4.4475710175312055e-06,0.00731044644873613,0.002492556633648557,0.9638178396124021,-0.4639100285928595,0.03277512197891752,25.0,0.33,0.33,,,NMC,T25_C0.33_D0.33_Snan-nan,T25_C0.33_D0.33_Snan-nan,1.646016656309257e-16,0.8063349561422268,0.00017010398678440008,50.0,2.3302721366686764e-05,6.543580981973411e-05,0.00021335187566957615
luh,luh_P041_2_S13_C07,eligible_primary,2.913801554705951,304.0,271.3855716922311,560.1883491916541,0.8146978452331655,-0.0005290250897808196,-0.0007449527234207597,0.00021592763363994009,3.923086367268776e-06,0.01554049282927722,0.004078054661587727,0.9917044982122364,-0.7101458564398305,0.06232372321611035,25.0,0.33,0.33,,,NMC,T25_C0.33_D0.33_Snan-nan,T25_C0.33_D0.33_Snan-nan,3.292033312618514e-16,0.8019577841976177,0.0002548012207109562,50.0,3.686736886046004e-05,0.0004462298469171327,0.00033620650065627856
luh,luh_P041_3_S14_C07,eligible_primary,2.9244011625383486,377.0,332.7908588144246,695.722526834966,0.8149750297742963,-0.00021508263244528325,-0.0004448463139978286,0.00022976368155254535,4.16789215685134e-06,0.006891685986987084,0.0024406749657025495,0.9646388382301875,-0.483498740300528,0.03168972793477509,25.0,0.33,0.33,,,NMC,T25_C0.33_D0.33_Snan-nan,T25_C0.33_D0.33_Snan-nan,3.292033312618514e-16,0.8068047457473971,0.00016340568053798242,50.0,2.0674409498606627e-05,0.000141953644880526,0.00026395784411418593
luh,luh_P042_1_S11_C06,eligible_primary,2.9179630073750555,269.0,238.70575254136898,1277.1621619556502,0.8148076052065193,-0.00036667388664145793,-0.00075942278661542,0.00039274889997396205,7.279631985339585e-06,0.015589349965612287,0.0041134342710540395,0.9712217596279005,-0.48283234728265484,0.059062654855755126,25.0,0.33,1.0,,,NMC,T25_C0.33_D1_Snan-nan,T25_C0.33_D1_Snan-nan,3.292033312618514e-16,0.8001951037639665,0.0002922500288510554,50.0,4.282650421970417e-05,0.0003470538958974473,0.0002702072056672518
luh,luh_P042_2_S13_C05,eligible_primary,2.9165956349846702,299.0,265.90144981699837,580.6165030168975,0.8149685705617237,-0.0004105962016242532,-0.0006838175041393369,0.0002732213025150837,4.915817193100025e-06,0.012898489651416767,0.003713258890060911,0.9828754394899488,-0.6004470478436141,0.053355149616245545,25.0,0.33,1.0,,,NMC,T25_C0.33_D1_Snan-nan,T25_C0.33_D1_Snan-nan,3.292033312618514e-16,0.7990700249858043,0.0003179709115183882,50.0,4.692278931764487e-05,0.00045480433839361484,0.00032405914047724
luh,luh_P042_3_S14_C05,eligible_primary,2.925650170269309,324.0,285.3475135759553,883.9860290939899,0.8148201903145749,-0.00028652225726472666,-0.0004176098129286783,0.00013108755566395165,2.7207642350670535e-06,0.007465145965711351,0.0035278066981140332,0.9785341808034009,-0.6861003941822136,0.03552870075966541,25.0,0.33,1.0,,,NMC,T25_C0.33_D1_Snan-nan,T25_C0.33_D1_Snan-nan,1.646016656309257e-16,0.8058140830653077,0.00018012214498534408,50.0,4.941895761323628e-05,0.00027481847468361373,0.00025830834710560463
luh,luh_P043_1_S11_C04,eligible_primary,2.9241690654106955,249.0,219.91934544496527,205.94720111015633,0.8149162612250016,-0.0003345302968347951,-0.000807728819858938,0.00047319852302414285,8.549420734719312e-06,0.014773742659740241,0.004360398365509388,0.9624973877044831,-0.41416164510908204,0.05975639783521902,25.0,1.0,1.0,,,NMC,T25_C1_D1_Snan-nan,T25_C1_D1_Snan-nan,3.292033312618514e-16,0.7992277080448286,0.00031377106360346073,50.0,3.1976286367968774e-05,0.0004500531353133064,0.0003386808152797241
luh,luh_P043_2_S12_C04,eligible_primary,2.9145007782321213,233.0,206.46637130507102,212.7647079409961,0.8148478090748622,-0.0005166471942095415,-0.0008238508452024864,0.0003072036509929449,6.010802449805723e-06,0.02032045947027772,0.004520912142403466,0.9833312679501447,-0.6271125376858231,0.06876877673531523,25.0,1.0,1.0,,,NMC,T25_C1_D1_Snan-nan,T25_C1_D1_Snan-nan,3.292033312618514e-16,0.7987963801593287,0.0003210285783106692,50.0,6.7958997597354805e-06,0.0006684624704419871,0.0003821044647864291
luh,luh_P043_3_S14_C03,eligible_primary,2.9211281382092724,234.0,206.73214069394953,232.62398620381651,0.814803219291555,-0.0004745121423222982,-0.0007901139868479484,0.00031560184452565014,6.189042346550433e-06,0.019427800483379443,0.0043287294933844755,0.9804187205379962,-0.6005616280953328,0.06495053872404155,25.0,1.0,1.0,,,NMC,T25_C1_D1_Snan-nan,T25_C1_D1_Snan-nan,3.292033312618514e-16,0.8015825735840708,0.00026441291414968314,50.0,6.511399884563038e-06,0.0006262933378646835,0.0003697904879983118
luh,luh_P046_1_S12_C06,eligible_primary,2.9506479654058344,1849.0,1609.069236916096,317.2460871686869,0.8149451497326317,-6.652241956376506e-05,-5.84862143712172e-05,-8.036205192547865e-06,-1.6951186509241776e-07,0.0015417193582558109,0.0004628803486802502,0.9973572519898665,-1.137403408289368,0.006307023972699222,25.0,0.33,1.0,,,NMC,T25_C0.33_D1_Snan-nan,T25_C0.33_D1_Snan-nan,1.646016656309257e-16,0.8105345912981825,8.821116868898304e-05,50.0,3.713662163334396e-05,5.393989737006012e-05,0.00014356068761950467
luh,luh_P046_2_S13_C06,eligible_primary,2.943209039348141,1639.0,1424.3455868382,479.16427708036576,0.8149399207387662,-4.5128983276787404e-05,-3.43057981319015e-05,-1.0823185144885901e-05,-2.288445852840958e-07,0.0009036823166351238,0.0003935511234696154,0.987149821680128,-1.3154914251891796,0.004050746521810145,25.0,0.33,1.0,,,NMC,T25_C0.33_D1_Snan-nan,T25_C0.33_D1_Snan-nan,1.646016656309257e-16,0.811191654625553,7.496532226426433e-05,50.0,1.7961333234904523e-06,2.637274367597161e-05,0.0001456580493191365
luh,luh_P046_3_S14_C06,eligible_primary,2.928354083346445,1740.0,1515.4949905892772,389.67729407139655,0.814939633449748,-9.381586221597088e-05,-8.775787195643793e-05,-6.057990259532956e-06,-1.2890546212590545e-07,0.0023373782573684054,0.0005761249903487586,0.9994134281779655,-1.0690307333630433,0.009084935323266041,25.0,0.33,1.0,,,NMC,T25_C0.33_D1_Snan-nan,T25_C0.33_D1_Snan-nan,1.646016656309257e-16,0.8094459762126254,0.00010987314474245169,50.0,7.07947959399229e-05,7.235712492938763e-05,0.00012421762123025854
luh,luh_P047_1_S13_C04,eligible_primary,2.9444298815724164,1435.0,1262.6683146160965,118.5888246204754,0.8149734916044589,-0.00015621284885144047,-0.00013158444525811623,-2.4628403593324243e-05,-5.530320344702057e-07,0.0034758840991552797,0.0029695050156148817,0.9880286641618121,-1.1871680466867731,0.01548296807189875,25.0,1.0,1.0,,,NMC,T25_C1_D1_Snan-nan,T25_C1_D1_Snan-nan,1.646016656309257e-16,0.7794761824434223,0.000709946183220731,50.0,1.0737995947734954e-05,0.00019801248300877852,0.0002894445628977866
luh,luh_P047_2_S14_C04,eligible_primary,2.9281625095486907,1235.0,1089.7499103399148,232.3494706988256,0.8149789801737357,-0.00021214046498530683,-0.00020930811623439584,-2.8323487509109924e-06,-5.381516965545104e-08,0.005541330524169719,0.0011226436297178122,0.9999880750935505,-1.0135319585397211,0.021072438369423185,25.0,1.0,1.0,,,NMC,T25_C1_D1_Snan-nan,T25_C1_D1_Snan-nan,1.646016656309257e-16,0.7870321505479049,0.0005589365925166167,50.0,2.1686551918263776e-05,0.00030054886193606114,0.00020245574841476697
luh,luh_P047_3_S15_C01,eligible_primary,2.9558837545990055,1308.0,1148.7675625100408,294.6314196022247,0.8149294059798718,-0.0001458448150096744,-9.277463260293978e-05,-5.307018240673462e-05,-9.582167743694735e-07,0.002923952719154743,0.0007809824492316375,0.9866272536512051,-1.5720333340889239,0.011695635917952085,25.0,1.0,1.0,,,NMC,T25_C1_D1_Snan-nan,T25_C1_D1_Snan-nan,3.292033312618514e-16,0.8074723624267897,0.00014914087106164377,50.0,0.0002658172310536788,0.00022123696760368861,0.0004055909193565584
luh,luh_P051_1_S10_C08,eligible_primary,2.940166957985584,1613.0,1429.9253537253392,577.7917035618614,0.8149649733233357,-0.00011656298749498189,-0.00011885990160436222,2.2969141093803324e-06,4.253693559682225e-08,0.0031121825568353745,0.0006289270139477887,0.9999693394095863,-0.9806754500182421,0.011792008839058954,25.0,1.0,1.0,,,NMC,T25_C1_D1_Snan-nan,T25_C1_D1_Snan-nan,3.292033312618514e-16,0.8091296756483551,0.00011670595349961177,50.0,3.8167165295471025e-05,0.00025391770311421777,0.00014212265189173464
luh,luh_P051_2_S11_C05,eligible_primary,2.9271139877585064,1945.0,1717.999860118681,1036.2440746018926,0.8149470885101436,-8.235860029445036e-05,-7.742905249972258e-05,-4.929547794727785e-06,-8.904709357216873e-08,0.002085511596446432,0.000434997701882045,0.9997571915738453,-1.0636653508674336,0.007971762646017178,25.0,1.0,1.0,,,NMC,T25_C1_D1_Snan-nan,T25_C1_D1_Snan-nan,3.292033312618514e-16,0.8108029610178042,8.288254984678778e-05,50.0,3.177832285005075e-05,0.00019225746005754275,0.00014862246732563278
luh,luh_P051_3_S12_C05,eligible_primary,2.9330999346875695,1968.0,1726.5998872866571,1084.6104875635042,0.8149908165934481,-5.5215499178769675e-05,-7.437605292163743e-05,1.9160553742867755e-05,3.463634517999515e-07,0.001619021722337799,0.0003970354586161351,0.9940592032938045,-0.742382756408769,0.006381898795945307,25.0,1.0,1.0,,,NMC,T25_C1_D1_Snan-nan,T25_C1_D1_Snan-nan,3.292033312618514e-16,0.8122209020367969,5.539829113302419e-05,50.0,6.246904993349445e-06,0.0001844081774826973,0.00018595456786870622
luh,luh_P053_1_S15_C08,eligible_primary,2.9261906792576733,572.0,497.60303994373527,259.0986298528041,0.814911749617375,-0.00020637761488837987,-0.00017722877979082006,-2.9148835097559815e-05,-5.604906646273666e-07,0.004701545755274095,0.0011747246295774616,0.9978257721227318,-1.1644700997883282,0.019071432381168818,40.0,0.33,0.33,,,NMC,T40_C0.33_D0.33_Snan-nan,T40_C0.33_D0.33_Snan-nan,3.292033312618514e-16,0.8024366265672269,0.0002495024610029617,50.0,1.0184693164560433e-05,0.00020657336458877864,0.0003587558752917449
luh,luh_P053_2_S16_C08,eligible_primary,2.9251324289318665,537.0,469.2771748076448,282.9556968972245,0.8148164997788857,-0.0002876934055954934,-0.00021440680712636774,-7.328659846912565e-05,-1.3605326967025225e-06,0.006849907771265651,0.0015261733553872947,0.9944203403194484,-1.3418109688370656,0.025550527543217183,40.0,0.33,0.33,,,NMC,T40_C0.33_D0.33_Snan-nan,T40_C0.33_D0.33_Snan-nan,1.646016656309257e-16,0.7995232355593793,0.0003058652843901277,50.0,3.708224182258352e-05,0.00025112843621113794,0.000334849248965608
luh,luh_P053_3_S19_C07,eligible_primary,2.919119917080846,586.0,513.0912963345546,351.95561118416686,0.814848944689298,-0.0002889350214469649,-0.00021793870161621452,-7.099631983075038e-05,-1.3993452475250334e-06,0.005940020162248594,0.0017511699408664372,0.9927446371701731,-1.325762791575098,0.02495598978380753,40.0,0.33,0.33,,,NMC,T40_C0.33_D0.33_Snan-nan,T40_C0.33_D0.33_Snan-nan,1.646016656309257e-16,0.7970242414157946,0.0003564940654700677,50.0,1.62154477102567e-05,0.00024547122407972264,0.0003382613233443656
luh,luh_P054_1_S16_C06,eligible_primary,2.927423559272607,645.0,560.3178838658725,444.62761930298404,0.8149512984307952,-0.00015063008938266816,-0.00015802228056089533,7.392191178227166e-06,1.4599680368247806e-07,0.003954368701343358,0.0008634178210424892,0.999757593398758,-0.953220576541556,0.015391501936456997,40.0,0.33,1.0,,,NMC,T40_C0.33_D1_Snan-nan,T40_C0.33_D1_Snan-nan,0.0,0.8047931017618849,0.00020316393337820537,50.0,3.152275874370593e-05,0.00015805903461221563,0.00011576758749358602
luh,luh_P054_2_S17_C06,eligible_primary,2.926638865586707,651.0,566.6826626605606,594.0935109787034,0.8149893035613798,-0.00018559964320891855,-0.0001693881259664994,-1.621151724241914e-05,-3.2816955249417027e-07,0.004852115148032687,0.0009815206174512703,0.999136900036761,-1.0957063380323682,0.017750795576954692,40.0,0.33,1.0,,,NMC,T40_C0.33_D1_Snan-nan,T40_C0.33_D1_Snan-nan,1.646016656309257e-16,0.8057706485820898,0.0001843730995857995,50.0,1.2287020496071938e-05,0.00021457798511730883,0.00036734610365804753
luh,luh_P054_3_S19_C05,eligible_primary,2.934232890255573,680.0,591.253263279131,630.93083705196,0.8149430298347082,-0.00016217918436463189,-0.0001564247479728671,-5.754436391764778e-06,-1.1768939203564709e-07,0.004243624814196323,0.0008571485046806604,0.999856911979703,-1.036787250523574,0.01590605069465667,40.0,0.33,1.0,,,NMC,T40_C0.33_D1_Snan-nan,T40_C0.33_D1_Snan-nan,1.646016656309257e-16,0.8063345699061568,0.0001721691985710283,50.0,9.420838614866822e-06,0.00018079105063934135,0.0001685752096126847
luh,luh_P055_1_S15_C05,eligible_primary,2.918708490149197,564.0,492.17276352388797,289.98697152675675,0.8149601159539324,-0.00023117947052180642,-0.00022782349309977435,-3.355977422032062e-06,-6.376427336306916e-08,0.006034685099496506,0.0012239960054106769,0.9999858854955093,-1.0147306029609613,0.02295016218491086,40.0,1.0,1.0,,,NMC,T40_C1_D1_Snan-nan,T40_C1_D1_Snan-nan,0.0,0.8043634358242165,0.00021193360259431638,50.0,2.7260597235722814e-06,0.0005536483787675745,0.00027874110470367715
luh,luh_P055_2_S16_C04,eligible_primary,2.929308149003278,596.0,518.4704213587349,280.76755798485885,0.8149190710293166,-0.00019091973878450453,-0.00018843787303825517,-2.4818657462493537e-06,-4.773472822129417e-08,0.004985843413780611,0.0010190554710099997,0.9999882378894941,-1.013170737422543,0.01897316814544936,40.0,1.0,1.0,,,NMC,T40_C1_D1_Snan-nan,T40_C1_D1_Snan-nan,1.646016656309257e-16,0.8051736493886386,0.00019490843281356085,50.0,1.0342500384672797e-06,0.0004756110364239711,0.0002700051730346242
luh,luh_P055_3_S17_C04,eligible_primary,2.9230099846638478,563.0,491.23839310607076,475.66084410609784,0.8148148577288918,-0.00022800685624341767,-0.0002247405532490034,-3.2663029944142593e-06,-6.206044665826376e-08,0.0059525098215875705,0.0012071013278656118,0.9999862577316923,-1.0145336609134148,0.02263738330331877,40.0,1.0,1.0,,,NMC,T40_C1_D1_Snan-nan,T40_C1_D1_Snan-nan,1.646016656309257e-16,0.8063102719461509,0.00017009171565481873,50.0,3.3152547077021166e-06,0.0003952614761232773,0.0002537081170228018
luh,luh_P057_1_S17_C08,eligible_primary,2.9334258290184545,641.0,575.5960162417755,87.84194796841746,0.8146056623412798,-0.0005544490740769856,-0.00044829282179708566,-0.00010615625227989992,-2.1621322566113635e-06,0.01299013407756161,0.003151794197650104,0.9960019609214915,-1.2368011422854106,0.04904533045237158,40.0,0.33,0.33,,,NMC,T40_C0.33_D0.33_Snan-nan,T40_C0.33_D0.33_Snan-nan,1.646016656309257e-16,0.7824618070547485,0.000642877105730626,50.0,3.530814272768784e-05,0.0004704994156321519,0.0006684477024301025
luh,luh_P057_2_S18_C08,eligible_primary,2.9395614570913207,644.0,578.3922779885056,87.37156403113659,0.8149048539152489,-0.0004915455267091062,-0.0005096888048500397,1.814327814093355e-05,2.6852425304764846e-07,0.014312502835400642,0.002968513132638795,0.9979797691409407,-0.9644032241471898,0.04941831713509881,40.0,0.33,0.33,,,NMC,T40_C0.33_D0.33_Snan-nan,T40_C0.33_D0.33_Snan-nan,3.292033312618514e-16,0.7861027960458099,0.0005760411573887803,50.0,0.00010682439902973337,0.00047742828189182554,0.00048201040218859623
luh,luh_P057_3_S19_C08,eligible_primary,2.944300213846565,634.0,570.5340309025877,150.33962840604408,0.8148578266147113,-0.0004938343133897173,-0.0003931111229001916,-0.00010072319048952573,-1.8874424040800677e-06,0.012384480977340018,0.0026797802952259753,0.995839829391483,-1.2562206577784845,0.04452246959179362,40.0,0.33,0.33,,,NMC,T40_C0.33_D0.33_Snan-nan,T40_C0.33_D0.33_Snan-nan,1.646016656309257e-16,0.7971598355931229,0.0003539598204317684,50.0,0.00014546733848491686,0.0005260539062046747,0.0008165185306690633
luh,luh_P058_1_S15_C07,eligible_primary,2.928263524607522,892.0,794.2065037686993,267.72469754958934,0.8148250896421219,-0.00025250543606971564,-0.00024676848352031875,-5.736952549396891e-06,-1.1315323455263187e-07,0.006540015721261727,0.0013693614165447565,0.999957853075749,-1.0232483195080482,0.024981570282919585,40.0,0.33,1.0,,,NMC,T40_C0.33_D1_Snan-nan,T40_C0.33_D1_Snan-nan,1.646016656309257e-16,0.8016993627279295,0.00026251453828384674,50.0,6.877111493613049e-05,0.00024753757330854564,0.0002918614988539843
luh,luh_P058_2_S18_C06,eligible_primary,2.9265968307643915,795.0,711.9794922529694,192.45697396290484,0.8148088266925552,-0.00042285444047808225,-0.0003092301203369033,-0.00011362432014117897,-2.2624104217836606e-06,0.008209425957949767,0.0027823698054519896,0.989483956449111,-1.3674426023486534,0.036289895445449916,40.0,0.33,1.0,,,NMC,T40_C0.33_D1_Snan-nan,T40_C0.33_D1_Snan-nan,1.646016656309257e-16,0.78788542773935,0.0005384679790641034,50.0,4.1131240962015176e-05,0.00040738818927295973,0.0008555370643869046
luh,luh_P058_3_S19_C06,eligible_primary,2.931292078632956,825.0,741.3021144134153,228.81815759938138,0.8148278596078002,-0.0004097809756229927,-0.00038012161184254134,-2.9659363780451368e-05,-5.738504551573126e-07,0.010140498577982882,0.002243880595576231,0.9995521017296053,-1.0780259865696278,0.03939480712005072,40.0,0.33,1.0,,,NMC,T40_C0.33_D1_Snan-nan,T40_C0.33_D1_Snan-nan,0.0,0.7931939218583736,0.0004326787549885336,50.0,3.070695005431711e-05,0.0004050866047422958,0.0007814544483088374
luh,luh_P059_1_S15_C06,eligible_primary,2.940486107957971,665.0,605.3433437593164,135.86816996108212,0.8144844849180273,-0.0007544203480833137,-0.0004542216088357438,-0.0003001987392475699,-5.964998244024554e-06,0.018585902120626274,0.004048033813172869,0.9803104076288026,-1.660908097298665,0.06121141674342123,40.0,1.0,1.0,,,NMC,T40_C1_D1_Snan-nan,T40_C1_D1_Snan-nan,1.646016656309257e-16,0.774971545919948,0.0007902587799615856,50.0,0.00014522960432493702,0.0009587569595492348,0.0012085602083033544
luh,luh_P059_2_S18_C04,eligible_primary,2.9598992533865536,773.0,697.7856207093746,112.35056871284098,0.8148459628373032,-0.0004294112083031416,-0.0002906260510655083,-0.00013878515723763328,-3.001090960617059e-06,0.007711210603629948,0.005858195243722997,0.9662448101189758,-1.4775385989274257,0.03831096030964487,40.0,1.0,1.0,,,NMC,T40_C1_D1_Snan-nan,T40_C1_D1_Snan-nan,1.646016656309257e-16,0.7569270482317035,0.0011583782921119922,50.0,1.7387901489427952e-05,0.000547092765598931,0.0007768567492977605
luh,luh_P059_3_S19_C04,eligible_primary,2.924492780161976,752.0,681.210919894188,112.42494193754908,0.814868107833976,-0.0005075108307630836,-0.0004918501790813467,-1.5660651681736917e-05,-2.9757198916755524e-07,0.013124752070710843,0.0027061168006571323,0.9999351301216908,-1.031840288664705,0.04996818280525128,40.0,1.0,1.0,,,NMC,T40_C1_D1_Snan-nan,T40_C1_D1_Snan-nan,1.646016656309257e-16,0.7367620667100943,0.001562120822477635,50.0,0.001069161902953646,0.0006002106443857072,0.000617564262714031
luh,luh_P062_1_S16_C07,eligible_primary,2.9332805270471134,1815.0,1586.9941436441818,350.6232926485268,0.8149861299189141,-6.0220879802521705e-05,-6.294064957279015e-05,2.719769770268441e-06,5.815227158645104e-08,0.0015813876488703915,0.00037592615058013035,0.9996536807981569,-0.9567883428479228,0.006181546844849728,40.0,0.33,1.0,,,NMC,T40_C0.33_D1_Snan-nan,T40_C0.33_D1_Snan-nan,1.646016656309257e-16,0.8122355419438642,5.5011759500998015e-05,50.0,3.333876006155383e-06,8.474000885570558e-05,7.143051450822082e-05
luh,luh_P062_2_S17_C07,eligible_primary,2.948423978075172,1843.0,1611.8002513817396,324.2062508886886,0.8149534623430392,-6.247660356760039e-05,-6.366275489845099e-05,1.1861513308505998e-06,2.421195996563572e-08,0.0016780078919992891,0.00033630633904213614,0.9999555592266903,-0.9813682060611005,0.006309625443977618,40.0,0.33,1.0,,,NMC,T40_C0.33_D1_Snan-nan,T40_C0.33_D1_Snan-nan,1.646016656309257e-16,0.8118996423733282,6.107639939421983e-05,50.0,1.1619604697303957e-05,8.377110668709874e-05,8.122729443591636e-05
luh,luh_P062_3_S18_C07,eligible_primary,2.938708544522089,1869.0,1632.9562179615111,305.0240012320364,0.8149682120563903,-5.336851125145554e-05,-5.4279546092616765e-05,9.11034841161225e-07,1.630059863543588e-08,0.0014184934620818934,0.00028618089945120495,0.9999811642381969,-0.9832158721517912,0.005387829131749622,40.0,0.33,1.0,,,NMC,T40_C0.33_D1_Snan-nan,T40_C0.33_D1_Snan-nan,3.292033312618514e-16,0.8123196617799668,5.297100552846823e-05,50.0,4.001898983327165e-06,7.155663871779876e-05,8.268908272507545e-05
luh,luh_P063_1_S16_C05,eligible_primary,2.928857822835207,1639.0,1455.366927457257,1489.3362017362203,0.814973840534778,-7.444360716962402e-05,-7.667826726696133e-05,2.234660097337311e-06,4.806532066480439e-08,0.0020223324923935304,0.00040576922651913705,0.9998397963637999,-0.9708566693407772,0.007537536938286515,40.0,1.0,1.0,,,NMC,T40_C1_D1_Snan-nan,T40_C1_D1_Snan-nan,1.646016656309257e-16,0.8115887016343297,6.770277800896451e-05,50.0,1.3596099918206259e-05,0.00037604323609212513,9.76600279930281e-05
luh,luh_P063_2_S17_C05,eligible_primary,2.959788631823791,1742.0,1537.0255123108514,1476.278086006414,0.8149803739789278,-6.681768152077493e-05,-6.67794393789102e-05,-3.824214186473444e-08,1.6993581158045456e-10,0.0017542106854351314,0.0003734729778531731,0.9999956117621368,-1.0005726634158718,0.006691373064690698,40.0,1.0,1.0,,,NMC,T40_C1_D1_Snan-nan,T40_C1_D1_Snan-nan,1.646016656309257e-16,0.8116528524882558,6.655042981343895e-05,50.0,4.999968835927731e-06,0.00024713219875625246,9.562453098760331e-05
luh,luh_P063_3_S18_C05,eligible_primary,2.941721533532106,2140.0,1873.8639945962339,1245.9223817778345,0.8149784612441486,-5.6316943414795694e-05,-5.611353485082629e-05,-2.0340856396940408e-07,-3.8647539664019166e-09,0.0014790745414235418,0.0002968358670443205,0.9999991358780129,-1.0036249465393714,0.005621523867073264,40.0,1.0,1.0,,,NMC,T40_C1_D1_Snan-nan,T40_C1_D1_Snan-nan,0.0,0.8124825752134939,4.9917720613095186e-05,50.0,3.927223731221617e-06,0.0003559652672317264,0.0001028796828079884
