dataset,cell_id,status,q0,retirement_cycle,retirement_throughput,available_future_throughput,soh_t0,recent_slope,early_slope,slope_change,curvature,history_mad,max_drop,linearity_r2,slope_ratio,history_range,future_temp,future_charge_rate,future_discharge_rate,future_soc_min,future_soc_max,chemistry,future_protocol,duty_stratum,local_noise,future_soh,target_g,target_horizon,target_instability
luh,luh_P017_1_S01_C08,eligible_primary,2.9248390592265148,259.0,226.96996678508856,186.6493423446321,0.8149199353117257,-0.00029490164978299735,-0.0004875329707726101,0.00019263132098961273,3.995283760992129e-06,0.008955084892605436,0.004609269717234188,0.9718435465496472,-0.6048855512595521,0.04046150956484662,0.0,0.33,0.33,,,NMC,T0_C0.33_D0.33_Snan-nan,T0_C0.33_D0.33_Snan-nan,3.292033312618514e-16,0.8019860364460786,0.0002586779773129422,50.0,6.128206662697168e-05
luh,luh_P017_2_S04_C07,eligible_primary,2.924398228171343,216.0,190.264025838635,196.26243564925318,0.8149304336632575,-0.0003856887714864056,-0.0009109919218751136,0.000525303150388708,9.348052983535219e-06,0.014223112946728012,0.004878898667360687,0.9586326533941711,-0.42337232880455666,0.06353907604543974,0.0,0.33,0.33,,,NMC,T0_C0.33_D0.33_Snan-nan,T0_C0.33_D0.33_Snan-nan,3.292033312618514e-16,0.8016907979696477,0.00026479271387219505,50.0,7.361592381213712e-05
luh,luh_P017_3_S05_C05,eligible_primary,2.922140229214828,212.0,186.80495213983113,192.66366818991327,0.8147570385105343,-0.0003695571258104771,-0.0009302288368264402,0.0005606717110159631,9.976638876871778e-06,0.015011028105568536,0.005010527756499572,0.9582478296083952,-0.3972754995117703,0.06638314970215942,0.0,0.33,0.33,,,NMC,T0_C0.33_D0.33_Snan-nan,T0_C0.33_D0.33_Snan-nan,0.0003926181131366746,0.8002235974288153,0.0002906688216343789,50.0,3.3505052435630984e-05
luh,luh_P018_1_S01_C06,eligible_primary,2.922000481677299,182.0,160.93512562342784,168.90171253671133,0.8145631238507269,-0.0005802053696708549,-0.0013225567188213615,0.0007423513491505066,1.3209232146670131e-05,0.021087817381962193,0.007160270788714063,0.9609855551367307,-0.43869980123644403,0.09287388403187502,0.0,0.33,1.0,,,NMC,T0_C0.33_D1_Snan-nan,T0_C0.33_D1_Snan-nan,3.292033312618514e-16,0.7873126338884645,0.0005450097992452485,50.0,1.6072908899117642e-05
luh,luh_P018_2_S02_C06,eligible_primary,2.9202162676331644,178.0,157.48928102767906,173.0187432596872,0.8149230748461767,-0.0006037869230630209,-0.0013295330190339631,0.0007257460959709422,1.2885845785284126e-05,0.022172907246524265,0.0072280066609474725,0.9652109865843101,-0.454134582909217,0.09547377183826489,0.0,0.33,1.0,,,NMC,T0_C0.33_D1_Snan-nan,T0_C0.33_D1_Snan-nan,4.938049968927771e-16,0.7874859690424022,0.000548742116075489,50.0,2.2912206199699466e-05
luh,luh_P018_3_S04_C05,eligible_primary,2.921189676427542,172.0,152.3754131970473,146.7988112441323,0.8146063465672491,-0.0006479617750015692,-0.0013250549693491593,0.0006770931943475901,1.211745166946516e-05,0.025203510736552637,0.007263502318957005,0.9733964954952572,-0.48900746760704966,0.10177267890593344,0.0,0.33,1.0,,,NMC,T0_C0.33_D1_Snan-nan,T0_C0.33_D1_Snan-nan,3.292033312618514e-16,0.7816537518326616,0.000659051894691749,50.0,1.682343658914748e-05
luh,luh_P021_1_S02_C08,eligible_primary,2.9339250858567643,643.0,569.4483645038381,219.86461361910597,0.8148285520492358,-0.00023408664166927335,-0.0002375712166776166,3.484575008343263e-06,5.8175343819427154e-08,0.006205146702026598,0.001257933275111922,0.9999855094684095,-0.9853325034190829,0.023590107461710974,0.0,0.33,0.33,,,NMC,T0_C0.33_D0.33_Snan-nan,T0_C0.33_D0.33_Snan-nan,6.318627797692421e-06,0.8024699295063732,0.0002471724508572515,50.0,9.802948514381864e-05
luh,luh_P021_2_S03_C08,eligible_primary,2.9418565679004454,616.0,545.0347947600555,223.28303442919048,0.8148714940512626,-0.00024227419034404362,-0.00023769068395064103,-4.583506393402586e-06,-8.630825819380759e-08,0.006274198738097259,0.001289988331742209,0.9999719366449299,-1.019283491961992,0.023997677229606884,0.0,0.33,0.33,,,NMC,T0_C0.33_D0.33_Snan-nan,T0_C0.33_D0.33_Snan-nan,1.646016656309257e-16,0.8023835567914389,0.00024975874519647337,50.0,7.202289778363901e-05
luh,luh_P021_3_S04_C08,eligible_primary,2.9292624719920237,612.0,542.1628778739368,206.66682120977953,0.8149461368842053,-0.0002542332815199186,-0.00024570629185103666,-8.526989668881967e-06,-1.6503953184913263e-07,0.006525320202913132,0.0013608635681489067,0.9999146287917348,-1.034703993962237,0.024972945917176248,0.0,0.33,0.33,,,NMC,T0_C0.33_D0.33_Snan-nan,T0_C0.33_D0.33_Snan-nan,1.646016656309257e-16,0.8004592378684666,0.0002897379803147726,50.0,0.00016278427205107816
luh,luh_P022_1_S03_C06,eligible_primary,2.9472266576620827,452.0,403.3654159947112,81.91944964448913,0.8146954850930764,-0.0004724898284146041,-0.00034047992236749334,-0.00013200990604711075,-2.371887135239413e-06,0.010322705809859278,0.0025197318959877535,0.9932593723780153,-1.3877171526861054,0.04029751223010991,0.0,0.33,1.0,,,NMC,T0_C0.33_D1_Snan-nan,T0_C0.33_D1_Snan-nan,6.584066625237028e-16,0.7456766578103883,0.001380376545653763,50.0,0.0004982753939322257
luh,luh_P022_2_S04_C06,eligible_primary,2.9352750921297623,433.0,387.41471076832585,85.88625702649551,0.81488032373002,-0.0006334812265901955,-0.00031831505452007455,-0.0003151661720701209,-5.936844738963614e-06,0.009999518126916351,0.00383092293563414,0.9614730463093062,-1.9901076546483132,0.04564616079084571,0.0,0.33,1.0,,,NMC,T0_C0.33_D1_Snan-nan,T0_C0.33_D1_Snan-nan,3.292033312618514e-16,0.7490585696495211,0.0013164350816099767,50.0,0.0007231505721253216
luh,luh_P022_3_S05_C04,eligible_primary,2.933379814673473,399.0,357.21290072192716,55.03806747359903,0.8146404116709589,-0.0005124485868951997,-0.0003980555901800643,-0.00011439299671513545,-2.516837484785016e-06,0.010850223159887207,0.010040283920252135,0.9823338446086016,-1.2873794503511147,0.049304632891035705,0.0,0.33,1.0,,,NMC,T0_C0.33_D1_Snan-nan,T0_C0.33_D1_Snan-nan,1.646016656309257e-16,0.7121903534239079,0.00204900116494102,50.0,1.3485037373120124e-05
luh,luh_P025_1_S01_C09,eligible_primary,2.940451520703161,979.0,871.6157075111308,383.7925927793325,0.814999100738307,-0.00016039859151815777,-0.00016313437616679801,2.7357846486402446e-06,5.6201234582486416e-08,0.004268727688983842,0.000883861994170454,0.9999728740627436,-0.9832298702890001,0.01621190671187689,0.0,0.33,0.33,,,NMC,T0_C0.33_D0.33_Snan-nan,T0_C0.33_D0.33_Snan-nan,1.646016656309257e-16,0.8074100155792363,0.0001517817031814128,50.0,6.031022689668468e-05
luh,luh_P025_2_S02_C09,eligible_primary,2.9268028060542495,943.0,839.2586238117896,327.1723612054517,0.8148685475741488,-0.00016619554423804138,-0.00017334897531374126,7.15343107569988e-06,1.3062394611508444e-07,0.004414854964605974,0.0009208317254670861,0.9998700720578567,-0.9587339292732882,0.016922036991366296,0.0,0.33,0.33,,,NMC,T0_C0.33_D0.33_Snan-nan,T0_C0.33_D0.33_Snan-nan,1.646016656309257e-16,0.8064682789670752,0.00016800537214147314,50.0,3.017979052131091e-05
luh,luh_P025_3_S03_C09,eligible_primary,2.949370847898807,955.0,850.4324987626602,363.0201732199249,0.8148811527282959,-0.00016750576376343336,-0.00017222272812455284,4.716964361119484e-06,9.5167254326486e-08,0.004430229682392095,0.0009228033836005123,0.9999307774205003,-0.9726112551317376,0.016945503840535614,0.0,0.33,0.33,,,NMC,T0_C0.33_D0.33_Snan-nan,T0_C0.33_D0.33_Snan-nan,1.646016656309257e-16,0.8067358611969823,0.00016290583062627205,50.0,3.278975393127785e-05
luh,luh_P026_1_S01_C07,eligible_primary,2.935214830868402,747.0,668.4101620089015,123.9609997660483,0.8149945591649308,-0.0003100504314340997,-0.00024312396148053138,-6.69264699535683e-05,-1.2007594650349194e-06,0.007152978461964166,0.001644906789478151,0.9963493624615258,-1.2752771448195064,0.027596511921488154,0.0,0.33,1.0,,,NMC,T0_C0.33_D1_Snan-nan,T0_C0.33_D1_Snan-nan,2.5769787191268587e-05,0.7854890351957278,0.0005901104793840606,50.0,0.00017039327962296087
luh,luh_P026_2_S02_C07,eligible_primary,2.946438503949202,777.0,696.0549077479594,84.10863871627384,0.8149922937029299,-0.0003022634912329449,-0.0002578594610944836,-4.440403013846128e-05,-8.667142919228065e-07,0.0076700898021414,0.001603321858539064,0.9979376891246214,-1.1722024468289374,0.02819105133145683,0.0,0.33,1.0,,,NMC,T0_C0.33_D1_Snan-nan,T0_C0.33_D1_Snan-nan,1.646016656309257e-16,0.74541146120911,0.0013916166498763993,50.0,3.235325961341751e-05
luh,luh_P026_3_S03_C07,eligible_primary,2.9330839126024193,688.0,618.3978825477988,112.44294221192888,0.8146427918988999,-0.00038716154973138066,-0.00032016144720618394,-6.700010252519672e-05,-1.4217750377829795e-06,0.00907060050157904,0.002975857029732354,0.9958969030666487,-1.209269739095253,0.03572824366324068,0.0,0.33,1.0,,,NMC,T0_C0.33_D1_Snan-nan,T0_C0.33_D1_Snan-nan,1.646016656309257e-16,0.7858091052685205,0.0005766737326075866,50.0,0.0006911305945300039
luh,luh_P027_2_S02_C05,eligible_primary,2.931260062156458,316.0,291.1941439795263,50.78126261850849,0.8148750453636168,-0.0010245564687394858,-0.0007326461953079138,-0.000291910273431572,-6.231190772952578e-06,0.019670595485691444,0.012028706666182276,0.9787083407222936,-1.3984327978512043,0.09200222824669668,0.0,1.0,1.0,,,NMC,T0_C1_D1_Snan-nan,T0_C1_D1_Snan-nan,1.646016656309257e-16,0.6901483264398708,0.0024945343784749194,50.0,
luh,luh_P027_3_S03_C05,eligible_primary,2.934655080675344,330.0,303.10688744492285,67.9675702821209,0.8145637100747002,-0.0011412841015252175,-0.0006102181315780781,-0.0005310659699471394,-1.0344563846837035e-05,0.017106993833808093,0.007774366985039638,0.96183040770922,-1.8702887417877205,0.0851063642718729,0.0,1.0,1.0,,,NMC,T0_C1_D1_Snan-nan,T0_C1_D1_Snan-nan,1.646016656309257e-16,0.7366069632309075,0.0015591349368758545,50.0,0.00016047411966315088
luh,luh_P029_1_S06_C08,eligible_primary,2.920356246068688,227.0,199.77162271226135,462.64895313830766,0.8148634810557089,-0.0003765783272795156,-0.0008663288346632195,0.0004897505073837039,8.857874864016189e-06,0.01264705973632263,0.004775755326995479,0.9549053967353969,-0.4346828966230915,0.059388802161379095,10.0,0.33,0.33,,,NMC,T10_C0.33_D0.33_Snan-nan,T10_C0.33_D0.33_Snan-nan,3.292033312618514e-16,0.8035680252963207,0.00022590911518776568,50.0,1.0777000762246854e-05
luh,luh_P029_2_S08_C07,eligible_primary,2.9346770298588325,238.0,209.25134963001224,466.6529868990581,0.8149234918193317,-0.00035570353463152267,-0.0007782165916294907,0.00042251305699796804,8.073545099721717e-06,0.011435369328533895,0.004904037477666212,0.9490530765537513,-0.45707523902403935,0.053629114131802824,10.0,0.33,0.33,,,NMC,T10_C0.33_D0.33_Snan-nan,T10_C0.33_D0.33_Snan-nan,3.292033312618514e-16,0.8032128454129299,0.00023421292812803474,50.0,3.071183501447468e-05
luh,luh_P029_3_S09_C07,eligible_primary,2.9128987621314213,226.0,199.48965207893062,514.7231637364052,0.8149291665705277,-0.0003964462496525007,-0.000929946254365169,0.0005335000047126683,9.644211682283757e-06,0.013436378233848412,0.005128058787512102,0.9530449700842138,-0.4263109268859157,0.0633185525931903,10.0,0.33,0.33,,,NMC,T10_C0.33_D0.33_Snan-nan,T10_C0.33_D0.33_Snan-nan,1.646016656309257e-16,0.8035113675837077,0.000228355979736401,50.0,1.4367991684432189e-05
luh,luh_P030_1_S06_C06,eligible_primary,2.918346575656434,208.0,183.56228008614502,372.33467946942324,0.8148192834822834,-0.0005296779477589585,-0.0009328715441831194,0.00040319359642416086,7.98062495258019e-06,0.013822183444757108,0.006649620748957807,0.9637958235285071,-0.5677930161572006,0.07134970358116899,10.0,0.33,1.0,,,NMC,T10_C0.33_D1_Snan-nan,T10_C0.33_D1_Snan-nan,1.646016656309257e-16,0.7976217141688878,0.0003439513862679111,50.0,1.0691022567140342e-05
luh,luh_P030_2_S08_C05,eligible_primary,2.915591718013638,208.0,183.81614577493164,348.1831261522841,0.8147739534746494,-0.0005642929918493577,-0.0009074611535874538,0.00034316816173809604,6.883480035624227e-06,0.014717526828918082,0.006708033479446152,0.9724614846481925,-0.6218370776738442,0.07255973166959184,10.0,0.33,1.0,,,NMC,T10_C0.33_D1_Snan-nan,T10_C0.33_D1_Snan-nan,1.646016656309257e-16,0.7966331151064001,0.00036281676736498624,50.0,2.4629684913807414e-06
luh,luh_P030_3_S09_C05,eligible_primary,2.916707573164656,208.0,183.8267157942282,351.8475308991799,0.8145972651462718,-0.0005612051425955903,-0.0009319779307515183,0.000370772788155928,7.3704786534813895e-06,0.014637668255248704,0.006661897573750908,0.9702311886845181,-0.6021656995064806,0.07317739299077819,10.0,0.33,1.0,,,NMC,T10_C0.33_D1_Snan-nan,T10_C0.33_D1_Snan-nan,1.646016656309257e-16,0.796183184146749,0.0003682816199904559,50.0,4.09210642651386e-06
luh,luh_P033_1_S07_C08,eligible_primary,2.931979215807445,753.0,665.5118434632993,556.3917117155518,0.814850378014037,-0.00020154295398688992,-0.00019553675065797207,-6.006203328917854e-06,-1.1059248332397889e-07,0.005241454789703726,0.0010673449805901347,0.9999365074955895,-1.0307164934914141,0.01985787888060031,10.0,0.33,0.33,,,NMC,T10_C0.33_D0.33_Snan-nan,T10_C0.33_D0.33_Snan-nan,1.646016656309257e-16,0.8054165202645635,0.0001886771549894717,50.0,1.0460236691237781e-05
luh,luh_P033_2_S08_C08,eligible_primary,2.938376662801508,722.0,638.8023355010251,582.4390301049949,0.8149876948888871,-0.00020513731778996832,-0.0002105244336421797,5.387115852211377e-06,9.683699069447273e-08,0.0054962156543118534,0.0011169886616675395,0.9999505538942328,-0.9744109709309673,0.020831813403155097,10.0,0.33,0.33,,,NMC,T10_C0.33_D0.33_Snan-nan,T10_C0.33_D0.33_Snan-nan,3.292033312618514e-16,0.8048196493560525,0.00020336091065669136,50.0,1.4478314208901103e-05
luh,luh_P033_3_S09_C08,eligible_primary,2.926260176865601,751.0,663.5695609804989,519.4952805853302,0.8149872696317596,-0.0001913954427296768,-0.00019515177180769145,3.756329078014644e-06,7.007391239579929e-08,0.005050460064300988,0.0010345854120390463,0.999968698956862,-0.9807517551943302,0.019277233518326775,10.0,0.33,0.33,,,NMC,T10_C0.33_D0.33_Snan-nan,T10_C0.33_D0.33_Snan-nan,3.292033312618514e-16,0.8055971893993894,0.00018780160464740403,50.0,5.377946193457433e-06
luh,luh_P034_1_S07_C06,eligible_primary,2.9359988019016496,635.0,562.6023027913285,470.05037686159255,0.8149342872975606,-0.00023512102854501038,-0.00023357182182781806,-1.5492067171923223e-06,-2.4216685208067923e-08,0.00614610470258542,0.0012579648529829068,0.9999937394818228,-1.0066326781418622,0.023438404727897266,10.0,0.33,1.0,,,NMC,T10_C0.33_D1_Snan-nan,T10_C0.33_D1_Snan-nan,1.646016656309257e-16,0.8033954102601066,0.00023077754074907864,50.0,8.344440247428191e-07
luh,luh_P034_2_S08_C06,eligible_primary,2.9452863944678866,636.0,563.4397102866124,460.10118526612473,0.8148536650284905,-0.00023502840285651502,-0.00023349406448632982,-1.5343383701851994e-06,-2.342444966711332e-08,0.0061404257819320796,0.0012825125305370166,0.9999908447338778,-1.006571209309156,0.0234573231295927,10.0,0.33,1.0,,,NMC,T10_C0.33_D1_Snan-nan,T10_C0.33_D1_Snan-nan,1.646016656309257e-16,0.8030457398210259,0.00023615850414929307,50.0,2.8362207377759235e-06
luh,luh_P034_3_S09_C06,eligible_primary,2.9493234428383706,631.0,558.616339595659,470.8452138925337,0.8149518231394676,-0.0002314763378237922,-0.00023065006991526511,-8.262679085270909e-07,-1.0326886656443568e-08,0.006032784068751018,0.0012606919430144803,0.9999835353064921,-1.0035823440627207,0.0231527503407869,10.0,0.33,1.0,,,NMC,T10_C0.33_D1_Snan-nan,T10_C0.33_D1_Snan-nan,1.646016656309257e-16,0.8026783463586428,0.000245469535616496,50.0,7.334158318378236e-06
luh,luh_P035_2_S09_C04,eligible_primary,2.9383203265745816,405.0,368.06084212643043,56.26305868835027,0.8142298778110637,-0.0010186335417463502,-0.00032269240131736646,-0.0006959411404289837,-1.2555529183821311e-05,0.014805373333862337,0.005502406248576341,0.9424612233063143,-3.1566703696395035,0.06964068509087651,10.0,1.0,1.0,,,NMC,T10_C1_D1_Snan-nan,T10_C1_D1_Snan-nan,3.292033312618514e-16,0.7599658366037887,0.0010852808241455002,50.0,3.642091273394634e-06
luh,luh_P035_3_S10_C02,eligible_primary,2.9375773132652347,363.0,330.7158919023069,68.94263684754549,0.8144350602197402,-0.0010599263923259186,-0.00036430977951325706,-0.0006956166128126615,-1.4363656145012199e-05,0.009683009523624997,0.012299567387225707,0.8416101913110341,-2.909409661585405,0.07279407108480507,10.0,1.0,1.0,,,NMC,T10_C1_D1_Snan-nan,T10_C1_D1_Snan-nan,1.646016656309257e-16,0.6866055027671624,0.002556591149051557,50.0,4.4280409079495264e-05
luh,luh_P037_1_S05_C11,eligible_primary,2.9448083019996583,1032.0,916.2556719488663,400.7935664460566,0.8149809983602277,-0.00014036963907064704,-0.0001453065620322712,4.936922961624156e-06,8.89881378445305e-08,0.0037279137350235136,0.0007689798041508045,0.9999170173944063,-0.9660240880206931,0.01424829798430216,10.0,0.33,0.33,,,NMC,T10_C0.33_D0.33_Snan-nan,T10_C0.33_D0.33_Snan-nan,3.292033312618514e-16,0.809418685255594,0.00011124626209267463,50.0,5.049078659374087e-06
luh,luh_P037_3_S10_C04,eligible_primary,2.9551444457232536,1085.0,964.2241620605416,358.12227211590516,0.8149362644227889,-0.00011436821398034679,-0.00014662790801198123,3.225969403163444e-05,5.827886274829883e-07,0.0034962010718666003,0.0007753569259993931,0.9961859254962087,-0.7799893999101559,0.01322061741246705,10.0,0.33,0.33,,,NMC,T10_C0.33_D0.33_Snan-nan,T10_C0.33_D0.33_Snan-nan,3.292033312618514e-16,0.8080515398750215,0.0001376944909553468,50.0,8.469334156028632e-06
luh,luh_P038_1_S06_C07,eligible_primary,2.940746554303381,980.0,873.6869856068697,558.9564891714315,0.8148557774863644,-0.00017934724921398918,-0.0001806607793713515,1.3135301573623118e-06,2.140133652312449e-08,0.0047420261994630675,0.0009563417636642146,0.9999959155493546,-0.9927293009477042,0.018012626402927112,10.0,0.33,1.0,,,NMC,T10_C0.33_D1_Snan-nan,T10_C0.33_D1_Snan-nan,3.292033312618514e-16,0.8059109406924602,0.00017889673587808463,50.0,2.663308830512258e-06
luh,luh_P038_2_S07_C07,eligible_primary,2.9300479162001247,1090.0,971.3924051244604,585.6113536706642,0.8149054733334409,-0.00015991933204318186,-0.00016137476443000732,1.45543238682546e-06,2.410278659610492e-08,0.004224486737584687,0.0008528457236672837,0.9999944726914871,-0.9909810409826704,0.01606235246144816,10.0,0.33,1.0,,,NMC,T10_C0.33_D1_Snan-nan,T10_C0.33_D1_Snan-nan,4.938049968927771e-16,0.806907167803334,0.0001599661106021366,50.0,9.139082692951594e-07
luh,luh_P038_3_S10_C03,eligible_primary,2.9357227551867218,940.0,837.3437602043167,535.874382150506,0.8148990871091378,-0.00017802106525588912,-0.0001778465178848129,-1.745473710762285e-07,2.112923848867126e-09,0.004675598245844126,0.0009734437988283551,0.9999940871245279,-1.0009814494720064,0.017802430059965513,10.0,0.33,1.0,,,NMC,T10_C0.33_D1_Snan-nan,T10_C0.33_D1_Snan-nan,1.646016656309257e-16,0.8061469811601262,0.00017504211898023315,50.0,2.036511834611745e-06
luh,luh_P039_1_S05_C10,eligible_primary,2.947773924664422,643.0,583.3978381140831,130.69362321512813,0.8139064748218914,-0.0004964838806345726,-0.00046795606219894077,-2.85278184356318e-05,-5.940154511085019e-07,0.0124788552791667,0.003954709652570609,0.9994305355173864,-1.0609626004235924,0.048889738970890884,10.0,1.0,1.0,,,NMC,T10_C1_D1_Snan-nan,T10_C1_D1_Snan-nan,8.230083281546285e-17,0.7430459043009163,0.0014172114104195012,50.0,2.2507865182197003e-05
luh,luh_P039_2_S06_C05,eligible_primary,2.953916052544245,671.0,608.4099982873161,141.81511723209485,0.8143708209015449,-0.0006124640697371572,-0.00031923260119512403,-0.00029323146854203316,-6.016739904767205e-06,0.008476504771226412,0.0056975982228043565,0.941079134183208,-1.918551136206799,0.04690234449777386,10.0,1.0,1.0,,,NMC,T10_C1_D1_Snan-nan,T10_C1_D1_Snan-nan,1.646016656309257e-16,0.7581034416294187,0.0011253475854425244,50.0,1.7237651883257133e-05
luh,luh_P039_3_S07_C05,eligible_primary,2.9432361917236096,641.0,580.0683168994633,82.05928010456626,0.8144780545522511,-0.00046617210501561675,-0.0004013775394827155,-6.479456553290123e-05,-1.4280876487256089e-06,0.010683069268698553,0.007441648310098414,0.9926211823533913,-1.1614304717110149,0.045907924233814845,10.0,1.0,1.0,,,NMC,T10_C1_D1_Snan-nan,T10_C1_D1_Snan-nan,1.646016656309257e-16,0.7231155508388,0.0018272500742690222,50.0,3.0264381200567054e-05
luh,luh_P041_1_S11_C08,eligible_primary,2.927791698945236,373.0,329.3036121160525,735.4306977671846,0.8148401554814468,-0.00021425294999705193,-0.00046184160029247035,0.0002475886502954184,4.4475710175312055e-06,0.00731044644873613,0.002492556633648557,0.9638178396124021,-0.4639100285928595,0.03277512197891752,25.0,0.33,0.33,,,NMC,T25_C0.33_D0.33_Snan-nan,T25_C0.33_D0.33_Snan-nan,1.646016656309257e-16,0.8063349561422268,0.00017010398678440008,50.0,2.3302721366686764e-05
luh,luh_P041_2_S13_C07,eligible_primary,2.913801554705951,304.0,271.3855716922311,560.1883491916541,0.8146978452331655,-0.0005290250897808196,-0.0007449527234207597,0.00021592763363994009,3.923086367268776e-06,0.01554049282927722,0.004078054661587727,0.9917044982122364,-0.7101458564398305,0.06232372321611035,25.0,0.33,0.33,,,NMC,T25_C0.33_D0.33_Snan-nan,T25_C0.33_D0.33_Snan-nan,3.292033312618514e-16,0.8019577841976177,0.0002548012207109562,50.0,3.686736886046004e-05
luh,luh_P041_3_S14_C07,eligible_primary,2.9244011625383486,377.0,332.7908588144246,695.722526834966,0.8149750297742963,-0.00021508263244528325,-0.0004448463139978286,0.00022976368155254535,4.16789215685134e-06,0.006891685986987084,0.0024406749657025495,0.9646388382301875,-0.483498740300528,0.03168972793477509,25.0,0.33,0.33,,,NMC,T25_C0.33_D0.33_Snan-nan,T25_C0.33_D0.33_Snan-nan,3.292033312618514e-16,0.8068047457473971,0.00016340568053798242,50.0,2.0674409498606627e-05
luh,luh_P042_1_S11_C06,eligible_primary,2.9179630073750555,269.0,238.70575254136898,1277.1621619556502,0.8148076052065193,-0.00036667388664145793,-0.00075942278661542,0.00039274889997396205,7.279631985339585e-06,0.015589349965612287,0.0041134342710540395,0.9712217596279005,-0.48283234728265484,0.059062654855755126,25.0,0.33,1.0,,,NMC,T25_C0.33_D1_Snan-nan,T25_C0.33_D1_Snan-nan,3.292033312618514e-16,0.8001951037639665,0.0002922500288510554,50.0,4.282650421970417e-05
luh,luh_P042_2_S13_C05,eligible_primary,2.9165956349846702,299.0,265.90144981699837,580.6165030168975,0.8149685705617237,-0.0004105962016242532,-0.0006838175041393369,0.0002732213025150837,4.915817193100025e-06,0.012898489651416767,0.003713258890060911,0.9828754394899488,-0.6004470478436141,0.053355149616245545,25.0,0.33,1.0,,,NMC,T25_C0.33_D1_Snan-nan,T25_C0.33_D1_Snan-nan,3.292033312618514e-16,0.7990700249858043,0.0003179709115183882,50.0,4.692278931764487e-05
luh,luh_P042_3_S14_C05,eligible_primary,2.925650170269309,324.0,285.3475135759553,883.9860290939899,0.8148201903145749,-0.00028652225726472666,-0.0004176098129286783,0.00013108755566395165,2.7207642350670535e-06,0.007465145965711351,0.0035278066981140332,0.9785341808034009,-0.6861003941822136,0.03552870075966541,25.0,0.33,1.0,,,NMC,T25_C0.33_D1_Snan-nan,T25_C0.33_D1_Snan-nan,1.646016656309257e-16,0.8058140830653077,0.00018012214498534408,50.0,4.941895761323628e-05
luh,luh_P043_1_S11_C04,eligible_primary,2.9241690654106955,249.0,219.91934544496527,205.94720111015633,0.8149162612250016,-0.0003345302968347951,-0.000807728819858938,0.00047319852302414285,8.549420734719312e-06,0.014773742659740241,0.004360398365509388,0.9624973877044831,-0.41416164510908204,0.05975639783521902,25.0,1.0,1.0,,,NMC,T25_C1_D1_Snan-nan,T25_C1_D1_Snan-nan,3.292033312618514e-16,0.7992277080448286,0.00031377106360346073,50.0,3.1976286367968774e-05
luh,luh_P043_2_S12_C04,eligible_primary,2.9145007782321213,233.0,206.46637130507102,212.7647079409961,0.8148478090748622,-0.0005166471942095415,-0.0008238508452024864,0.0003072036509929449,6.010802449805723e-06,0.02032045947027772,0.004520912142403466,0.9833312679501447,-0.6271125376858231,0.06876877673531523,25.0,1.0,1.0,,,NMC,T25_C1_D1_Snan-nan,T25_C1_D1_Snan-nan,3.292033312618514e-16,0.7987963801593287,0.0003210285783106692,50.0,6.7958997597354805e-06
luh,luh_P043_3_S14_C03,eligible_primary,2.9211281382092724,234.0,206.73214069394953,232.62398620381651,0.814803219291555,-0.0004745121423222982,-0.0007901139868479484,0.00031560184452565014,6.189042346550433e-06,0.019427800483379443,0.0043287294933844755,0.9804187205379962,-0.6005616280953328,0.06495053872404155,25.0,1.0,1.0,,,NMC,T25_C1_D1_Snan-nan,T25_C1_D1_Snan-nan,3.292033312618514e-16,0.8015825735840708,0.00026441291414968314,50.0,6.511399884563038e-06
luh,luh_P046_1_S12_C06,eligible_primary,2.9506479654058344,1849.0,1609.069236916096,317.2460871686869,0.8149451497326317,-6.652241956376506e-05,-5.84862143712172e-05,-8.036205192547865e-06,-1.6951186509241776e-07,0.0015417193582558109,0.0004628803486802502,0.9973572519898665,-1.137403408289368,0.006307023972699222,25.0,0.33,1.0,,,NMC,T25_C0.33_D1_Snan-nan,T25_C0.33_D1_Snan-nan,1.646016656309257e-16,0.8105345912981825,8.821116868898304e-05,50.0,3.713662163334396e-05
luh,luh_P046_2_S13_C06,eligible_primary,2.943209039348141,1639.0,1424.3455868382,479.16427708036576,0.8149399207387662,-4.5128983276787404e-05,-3.43057981319015e-05,-1.0823185144885901e-05,-2.288445852840958e-07,0.0009036823166351238,0.0003935511234696154,0.987149821680128,-1.3154914251891796,0.004050746521810145,25.0,0.33,1.0,,,NMC,T25_C0.33_D1_Snan-nan,T25_C0.33_D1_Snan-nan,1.646016656309257e-16,0.811191654625553,7.496532226426433e-05,50.0,1.7961333234904523e-06
luh,luh_P046_3_S14_C06,eligible_primary,2.928354083346445,1740.0,1515.4949905892772,389.67729407139655,0.814939633449748,-9.381586221597088e-05,-8.775787195643793e-05,-6.057990259532956e-06,-1.2890546212590545e-07,0.0023373782573684054,0.0005761249903487586,0.9994134281779655,-1.0690307333630433,0.009084935323266041,25.0,0.33,1.0,,,NMC,T25_C0.33_D1_Snan-nan,T25_C0.33_D1_Snan-nan,1.646016656309257e-16,0.8094459762126254,0.00010987314474245169,50.0,7.07947959399229e-05
luh,luh_P047_1_S13_C04,eligible_primary,2.9444298815724164,1435.0,1262.6683146160965,118.5888246204754,0.8149734916044589,-0.00015621284885144047,-0.00013158444525811623,-2.4628403593324243e-05,-5.530320344702057e-07,0.0034758840991552797,0.0029695050156148817,0.9880286641618121,-1.1871680466867731,0.01548296807189875,25.0,1.0,1.0,,,NMC,T25_C1_D1_Snan-nan,T25_C1_D1_Snan-nan,1.646016656309257e-16,0.7794761824434223,0.000709946183220731,50.0,1.0737995947734954e-05
luh,luh_P047_2_S14_C04,eligible_primary,2.9281625095486907,1235.0,1089.7499103399148,232.3494706988256,0.8149789801737357,-0.00021214046498530683,-0.00020930811623439584,-2.8323487509109924e-06,-5.381516965545104e-08,0.005541330524169719,0.0011226436297178122,0.9999880750935505,-1.0135319585397211,0.021072438369423185,25.0,1.0,1.0,,,NMC,T25_C1_D1_Snan-nan,T25_C1_D1_Snan-nan,1.646016656309257e-16,0.7870321505479049,0.0005589365925166167,50.0,2.1686551918263776e-05
luh,luh_P047_3_S15_C01,eligible_primary,2.9558837545990055,1308.0,1148.7675625100408,294.6314196022247,0.8149294059798718,-0.0001458448150096744,-9.277463260293978e-05,-5.307018240673462e-05,-9.582167743694735e-07,0.002923952719154743,0.0007809824492316375,0.9866272536512051,-1.5720333340889239,0.011695635917952085,25.0,1.0,1.0,,,NMC,T25_C1_D1_Snan-nan,T25_C1_D1_Snan-nan,3.292033312618514e-16,0.8074723624267897,0.00014914087106164377,50.0,0.0002658172310536788
luh,luh_P051_1_S10_C08,eligible_primary,2.940166957985584,1613.0,1429.9253537253392,577.7917035618614,0.8149649733233357,-0.00011656298749498189,-0.00011885990160436222,2.2969141093803324e-06,4.253693559682225e-08,0.0031121825568353745,0.0006289270139477887,0.9999693394095863,-0.9806754500182421,0.011792008839058954,25.0,1.0,1.0,,,NMC,T25_C1_D1_Snan-nan,T25_C1_D1_Snan-nan,3.292033312618514e-16,0.8091296756483551,0.00011670595349961177,50.0,3.8167165295471025e-05
luh,luh_P051_2_S11_C05,eligible_primary,2.9271139877585064,1945.0,1717.999860118681,1036.2440746018926,0.8149470885101436,-8.235860029445036e-05,-7.742905249972258e-05,-4.929547794727785e-06,-8.904709357216873e-08,0.002085511596446432,0.000434997701882045,0.9997571915738453,-1.0636653508674336,0.007971762646017178,25.0,1.0,1.0,,,NMC,T25_C1_D1_Snan-nan,T25_C1_D1_Snan-nan,3.292033312618514e-16,0.8108029610178042,8.288254984678778e-05,50.0,3.177832285005075e-05
luh,luh_P051_3_S12_C05,eligible_primary,2.9330999346875695,1968.0,1726.5998872866571,1084.6104875635042,0.8149908165934481,-5.5215499178769675e-05,-7.437605292163743e-05,1.9160553742867755e-05,3.463634517999515e-07,0.001619021722337799,0.0003970354586161351,0.9940592032938045,-0.742382756408769,0.006381898795945307,25.0,1.0,1.0,,,NMC,T25_C1_D1_Snan-nan,T25_C1_D1_Snan-nan,3.292033312618514e-16,0.8122209020367969,5.539829113302419e-05,50.0,6.246904993349445e-06
luh,luh_P053_1_S15_C08,eligible_primary,2.9261906792576733,572.0,497.60303994373527,259.0986298528041,0.814911749617375,-0.00020637761488837987,-0.00017722877979082006,-2.9148835097559815e-05,-5.604906646273666e-07,0.004701545755274095,0.0011747246295774616,0.9978257721227318,-1.1644700997883282,0.019071432381168818,40.0,0.33,0.33,,,NMC,T40_C0.33_D0.33_Snan-nan,T40_C0.33_D0.33_Snan-nan,3.292033312618514e-16,0.8024366265672269,0.0002495024610029617,50.0,1.0184693164560433e-05
luh,luh_P053_2_S16_C08,eligible_primary,2.9251324289318665,537.0,469.2771748076448,282.9556968972245,0.8148164997788857,-0.0002876934055954934,-0.00021440680712636774,-7.328659846912565e-05,-1.3605326967025225e-06,0.006849907771265651,0.0015261733553872947,0.9944203403194484,-1.3418109688370656,0.025550527543217183,40.0,0.33,0.33,,,NMC,T40_C0.33_D0.33_Snan-nan,T40_C0.33_D0.33_Snan-nan,1.646016656309257e-16,0.7995232355593793,0.0003058652843901277,50.0,3.708224182258352e-05
luh,luh_P053_3_S19_C07,eligible_primary,2.919119917080846,586.0,513.0912963345546,351.95561118416686,0.814848944689298,-0.0002889350214469649,-0.00021793870161621452,-7.099631983075038e-05,-1.3993452475250334e-06,0.005940020162248594,0.0017511699408664372,0.9927446371701731,-1.325762791575098,0.02495598978380753,40.0,0.33,0.33,,,NMC,T40_C0.33_D0.33_Snan-nan,T40_C0.33_D0.33_Snan-nan,1.646016656309257e-16,0.7970242414157946,0.0003564940654700677,50.0,1.62154477102567e-05
luh,luh_P054_1_S16_C06,eligible_primary,2.927423559272607,645.0,560.3178838658725,444.62761930298404,0.8149512984307952,-0.00015063008938266816,-0.00015802228056089533,7.392191178227166e-06,1.4599680368247806e-07,0.003954368701343358,0.0008634178210424892,0.999757593398758,-0.953220576541556,0.015391501936456997,40.0,0.33,1.0,,,NMC,T40_C0.33_D1_Snan-nan,T40_C0.33_D1_Snan-nan,0.0,0.8047931017618849,0.00020316393337820537,50.0,3.152275874370593e-05
luh,luh_P054_2_S17_C06,eligible_primary,2.926638865586707,651.0,566.6826626605606,594.0935109787034,0.8149893035613798,-0.00018559964320891855,-0.0001693881259664994,-1.621151724241914e-05,-3.2816955249417027e-07,0.004852115148032687,0.0009815206174512703,0.999136900036761,-1.0957063380323682,0.017750795576954692,40.0,0.33,1.0,,,NMC,T40_C0.33_D1_Snan-nan,T40_C0.33_D1_Snan-nan,1.646016656309257e-16,0.8057706485820898,0.0001843730995857995,50.0,1.2287020496071938e-05
luh,luh_P054_3_S19_C05,eligible_primary,2.934232890255573,680.0,591.253263279131,630.93083705196,0.8149430298347082,-0.00016217918436463189,-0.0001564247479728671,-5.754436391764778e-06,-1.1768939203564709e-07,0.004243624814196323,0.0008571485046806604,0.999856911979703,-1.036787250523574,0.01590605069465667,40.0,0.33,1.0,,,NMC,T40_C0.33_D1_Snan-nan,T40_C0.33_D1_Snan-nan,1.646016656309257e-16,0.8063345699061568,0.0001721691985710283,50.0,9.420838614866822e-06
luh,luh_P055_1_S15_C05,eligible_primary,2.918708490149197,564.0,492.17276352388797,289.98697152675675,0.8149601159539324,-0.00023117947052180642,-0.00022782349309977435,-3.355977422032062e-06,-6.376427336306916e-08,0.006034685099496506,0.0012239960054106769,0.9999858854955093,-1.0147306029609613,0.02295016218491086,40.0,1.0,1.0,,,NMC,T40_C1_D1_Snan-nan,T40_C1_D1_Snan-nan,0.0,0.8043634358242165,0.00021193360259431638,50.0,2.7260597235722814e-06
luh,luh_P055_2_S16_C04,eligible_primary,2.929308149003278,596.0,518.4704213587349,280.76755798485885,0.8149190710293166,-0.00019091973878450453,-0.00018843787303825517,-2.4818657462493537e-06,-4.773472822129417e-08,0.004985843413780611,0.0010190554710099997,0.9999882378894941,-1.013170737422543,0.01897316814544936,40.0,1.0,1.0,,,NMC,T40_C1_D1_Snan-nan,T40_C1_D1_Snan-nan,1.646016656309257e-16,0.8051736493886386,0.00019490843281356085,50.0,1.0342500384672797e-06
luh,luh_P055_3_S17_C04,eligible_primary,2.9230099846638478,563.0,491.23839310607076,475.66084410609784,0.8148148577288918,-0.00022800685624341767,-0.0002247405532490034,-3.2663029944142593e-06,-6.206044665826376e-08,0.0059525098215875705,0.0012071013278656118,0.9999862577316923,-1.0145336609134148,0.02263738330331877,40.0,1.0,1.0,,,NMC,T40_C1_D1_Snan-nan,T40_C1_D1_Snan-nan,1.646016656309257e-16,0.8063102719461509,0.00017009171565481873,50.0,3.3152547077021166e-06
luh,luh_P057_1_S17_C08,eligible_primary,2.9334258290184545,641.0,575.5960162417755,87.84194796841746,0.8146056623412798,-0.0005544490740769856,-0.00044829282179708566,-0.00010615625227989992,-2.1621322566113635e-06,0.01299013407756161,0.003151794197650104,0.9960019609214915,-1.2368011422854106,0.04904533045237158,40.0,0.33,0.33,,,NMC,T40_C0.33_D0.33_Snan-nan,T40_C0.33_D0.33_Snan-nan,1.646016656309257e-16,0.7824618070547485,0.000642877105730626,50.0,3.530814272768784e-05
luh,luh_P057_2_S18_C08,eligible_primary,2.9395614570913207,644.0,578.3922779885056,87.37156403113659,0.8149048539152489,-0.0004915455267091062,-0.0005096888048500397,1.814327814093355e-05,2.6852425304764846e-07,0.014312502835400642,0.002968513132638795,0.9979797691409407,-0.9644032241471898,0.04941831713509881,40.0,0.33,0.33,,,NMC,T40_C0.33_D0.33_Snan-nan,T40_C0.33_D0.33_Snan-nan,3.292033312618514e-16,0.7861027960458099,0.0005760411573887803,50.0,0.00010682439902973337
luh,luh_P057_3_S19_C08,eligible_primary,2.944300213846565,634.0,570.5340309025877,150.33962840604408,0.8148578266147113,-0.0004938343133897173,-0.0003931111229001916,-0.00010072319048952573,-1.8874424040800677e-06,0.012384480977340018,0.0026797802952259753,0.995839829391483,-1.2562206577784845,0.04452246959179362,40.0,0.33,0.33,,,NMC,T40_C0.33_D0.33_Snan-nan,T40_C0.33_D0.33_Snan-nan,1.646016656309257e-16,0.7971598355931229,0.0003539598204317684,50.0,0.00014546733848491686
luh,luh_P058_1_S15_C07,eligible_primary,2.928263524607522,892.0,794.2065037686993,267.72469754958934,0.8148250896421219,-0.00025250543606971564,-0.00024676848352031875,-5.736952549396891e-06,-1.1315323455263187e-07,0.006540015721261727,0.0013693614165447565,0.999957853075749,-1.0232483195080482,0.024981570282919585,40.0,0.33,1.0,,,NMC,T40_C0.33_D1_Snan-nan,T40_C0.33_D1_Snan-nan,1.646016656309257e-16,0.8016993627279295,0.00026251453828384674,50.0,6.877111493613049e-05
luh,luh_P058_2_S18_C06,eligible_primary,2.9265968307643915,795.0,711.9794922529694,192.45697396290484,0.8148088266925552,-0.00042285444047808225,-0.0003092301203369033,-0.00011362432014117897,-2.2624104217836606e-06,0.008209425957949767,0.0027823698054519896,0.989483956449111,-1.3674426023486534,0.036289895445449916,40.0,0.33,1.0,,,NMC,T40_C0.33_D1_Snan-nan,T40_C0.33_D1_Snan-nan,1.646016656309257e-16,0.78788542773935,0.0005384679790641034,50.0,4.1131240962015176e-05
luh,luh_P058_3_S19_C06,eligible_primary,2.931292078632956,825.0,741.3021144134153,228.81815759938138,0.8148278596078002,-0.0004097809756229927,-0.00038012161184254134,-2.9659363780451368e-05,-5.738504551573126e-07,0.010140498577982882,0.002243880595576231,0.9995521017296053,-1.0780259865696278,0.03939480712005072,40.0,0.33,1.0,,,NMC,T40_C0.33_D1_Snan-nan,T40_C0.33_D1_Snan-nan,0.0,0.7931939218583736,0.0004326787549885336,50.0,3.070695005431711e-05
luh,luh_P059_1_S15_C06,eligible_primary,2.940486107957971,665.0,605.3433437593164,135.86816996108212,0.8144844849180273,-0.0007544203480833137,-0.0004542216088357438,-0.0003001987392475699,-5.964998244024554e-06,0.018585902120626274,0.004048033813172869,0.9803104076288026,-1.660908097298665,0.06121141674342123,40.0,1.0,1.0,,,NMC,T40_C1_D1_Snan-nan,T40_C1_D1_Snan-nan,1.646016656309257e-16,0.774971545919948,0.0007902587799615856,50.0,0.00014522960432493702
luh,luh_P059_2_S18_C04,eligible_primary,2.9598992533865536,773.0,697.7856207093746,112.35056871284098,0.8148459628373032,-0.0004294112083031416,-0.0002906260510655083,-0.00013878515723763328,-3.001090960617059e-06,0.007711210603629948,0.005858195243722997,0.9662448101189758,-1.4775385989274257,0.03831096030964487,40.0,1.0,1.0,,,NMC,T40_C1_D1_Snan-nan,T40_C1_D1_Snan-nan,1.646016656309257e-16,0.7569270482317035,0.0011583782921119922,50.0,1.7387901489427952e-05
luh,luh_P059_3_S19_C04,eligible_primary,2.924492780161976,752.0,681.210919894188,112.42494193754908,0.814868107833976,-0.0005075108307630836,-0.0004918501790813467,-1.5660651681736917e-05,-2.9757198916755524e-07,0.013124752070710843,0.0027061168006571323,0.9999351301216908,-1.031840288664705,0.04996818280525128,40.0,1.0,1.0,,,NMC,T40_C1_D1_Snan-nan,T40_C1_D1_Snan-nan,1.646016656309257e-16,0.7367620667100943,0.001562120822477635,50.0,0.001069161902953646
luh,luh_P062_1_S16_C07,eligible_primary,2.9332805270471134,1815.0,1586.9941436441818,350.6232926485268,0.8149861299189141,-6.0220879802521705e-05,-6.294064957279015e-05,2.719769770268441e-06,5.815227158645104e-08,0.0015813876488703915,0.00037592615058013035,0.9996536807981569,-0.9567883428479228,0.006181546844849728,40.0,0.33,1.0,,,NMC,T40_C0.33_D1_Snan-nan,T40_C0.33_D1_Snan-nan,1.646016656309257e-16,0.8122355419438642,5.5011759500998015e-05,50.0,3.333876006155383e-06
luh,luh_P062_2_S17_C07,eligible_primary,2.948423978075172,1843.0,1611.8002513817396,324.2062508886886,0.8149534623430392,-6.247660356760039e-05,-6.366275489845099e-05,1.1861513308505998e-06,2.421195996563572e-08,0.0016780078919992891,0.00033630633904213614,0.9999555592266903,-0.9813682060611005,0.006309625443977618,40.0,0.33,1.0,,,NMC,T40_C0.33_D1_Snan-nan,T40_C0.33_D1_Snan-nan,1.646016656309257e-16,0.8118996423733282,6.107639939421983e-05,50.0,1.1619604697303957e-05
luh,luh_P062_3_S18_C07,eligible_primary,2.938708544522089,1869.0,1632.9562179615111,305.0240012320364,0.8149682120563903,-5.336851125145554e-05,-5.4279546092616765e-05,9.11034841161225e-07,1.630059863543588e-08,0.0014184934620818934,0.00028618089945120495,0.9999811642381969,-0.9832158721517912,0.005387829131749622,40.0,0.33,1.0,,,NMC,T40_C0.33_D1_Snan-nan,T40_C0.33_D1_Snan-nan,3.292033312618514e-16,0.8123196617799668,5.297100552846823e-05,50.0,4.001898983327165e-06
luh,luh_P063_1_S16_C05,eligible_primary,2.928857822835207,1639.0,1455.366927457257,1489.3362017362203,0.814973840534778,-7.444360716962402e-05,-7.667826726696133e-05,2.234660097337311e-06,4.806532066480439e-08,0.0020223324923935304,0.00040576922651913705,0.9998397963637999,-0.9708566693407772,0.007537536938286515,40.0,1.0,1.0,,,NMC,T40_C1_D1_Snan-nan,T40_C1_D1_Snan-nan,1.646016656309257e-16,0.8115887016343297,6.770277800896451e-05,50.0,1.3596099918206259e-05
luh,luh_P063_2_S17_C05,eligible_primary,2.959788631823791,1742.0,1537.0255123108514,1476.278086006414,0.8149803739789278,-6.681768152077493e-05,-6.67794393789102e-05,-3.824214186473444e-08,1.6993581158045456e-10,0.0017542106854351314,0.0003734729778531731,0.9999956117621368,-1.0005726634158718,0.006691373064690698,40.0,1.0,1.0,,,NMC,T40_C1_D1_Snan-nan,T40_C1_D1_Snan-nan,1.646016656309257e-16,0.8116528524882558,6.655042981343895e-05,50.0,4.999968835927731e-06
luh,luh_P063_3_S18_C05,eligible_primary,2.941721533532106,2140.0,1873.8639945962339,1245.9223817778345,0.8149784612441486,-5.6316943414795694e-05,-5.611353485082629e-05,-2.0340856396940408e-07,-3.8647539664019166e-09,0.0014790745414235418,0.0002968358670443205,0.9999991358780129,-1.0036249465393714,0.005621523867073264,40.0,1.0,1.0,,,NMC,T40_C1_D1_Snan-nan,T40_C1_D1_Snan-nan,0.0,0.8124825752134939,4.9917720613095186e-05,50.0,3.927223731221617e-06
hust,1-1,eligible_primary,1.1850506277777746,1316.0,1231.8571498607257,147.37532058698162,0.8148403579925764,-0.0003856213899413336,-0.0003499844702164781,-3.563691972485554e-05,-6.498868719293914e-07,0.009608221050255772,0.0022949879165355958,0.999292847443469,-1.1018242886686167,0.03666725437470708,25.0,1.0,2.3333333333333335,,,LFP,D5-1-1,D5-1-1,2.1501299384498027e-05,0.7946642732794077,0.00040352169426337346,50.0,6.284013866272722e-06
hust,1-2,eligible_primary,1.217559716666663,2187.0,2023.687480322951,379.87428059026684,0.8146164393698083,-0.00020380384628705575,-0.00020594884753234586,2.145001245290113e-06,-1.8913829448502015e-08,0.005288738445236085,0.0014906541678848528,0.9993875069930953,-0.9895847863632584,0.02058249529495282,25.0,1.0,2.6666666666666665,,,LFP,D5-1-2,D5-1-2,6.313002334247666e-05,0.8042322602499603,0.00020768358239696029,50.0,2.849859942317735e-06
hust,1-3,eligible_primary,1.184916331944443,1637.0,1548.443628174645,173.57822548978402,0.8149755097745937,-0.0003263773160596999,-0.0003168880268836519,-9.489289176047965e-06,-1.674169354961004e-07,0.008352099431424065,0.0020537228091509485,0.9998591155585281,-1.0299452436539422,0.03221009954467613,25.0,1.0,3.0,,,LFP,D5-1-3,D5-1-3,9.09572941465837e-06,0.7984835600658003,0.00032983899417586614,50.0,1.0490883197387435e-06
hust,1-4,eligible_primary,1.186540970833333,1312.0,1244.4212089440887,147.63047435809813,0.8149832008364427,-0.0004046834968470272,-0.00040586444311491594,1.1809462678887385e-06,4.9503916896793834e-08,0.010609273480876313,0.002650929689668735,0.999886747773428,-0.9970902938458337,0.04038750779284839,25.0,1.0,3.3333333333333335,,,LFP,D5-1-4,D5-1-4,0.00034701790902222764,0.7948714607512368,0.00040223480170411776,50.0,9.735550225631707e-06
hust,1-5,eligible_primary,1.1810421944444431,1727.0,1611.9951652635223,192.68607249872616,0.8145187234466812,-0.00022799280723339856,-0.0002010657327831577,-2.6927074450240862e-05,-4.705513965395059e-07,0.0054433764000679785,0.001553996195211793,0.9983734291372514,-1.1339217482636923,0.021709496107109816,25.0,1.0,3.6666666666666665,,,LFP,D5-1-5,D5-1-5,1.8336564040218783e-05,0.8031414883070254,0.00022754470279311655,50.0,2.3843169832199768e-05
hust,1-6,eligible_primary,1.2126778972222194,940.0,866.9424929368247,157.59208269930764,0.8148488124570531,-0.00042575395440995717,-0.0003685192080067495,-5.723474640320766e-05,-1.133114228098052e-06,0.010334754594837958,0.002710350525995442,0.9983454066250167,-1.1553100765433084,0.03924917801719441,25.0,1.0,2.6666666666666665,,,LFP,D5-2-1,D5-2-1,0.00010790488098070867,0.7921619921409785,0.0004537364063214921,50.0,1.4089205117370832e-05
hust,1-7,eligible_primary,1.1999242208333356,1450.0,1354.7749966117935,177.88540808072935,0.8145108246818332,-0.00035399893029015785,-0.0003269297020449415,-2.7069228245216355e-05,-5.210045740964921e-07,0.009115974444642516,0.002097770738973992,0.9993378407102533,-1.082798314365133,0.034102043400009996,25.0,1.0,3.0,,,LFP,D5-2-2,D5-2-2,1.7267202912155353e-05,0.7957159178385628,0.0003758981368654091,50.0,6.627098408327094e-06
hust,1-8,eligible_primary,1.2061539430555563,1929.0,1812.42281356846,277.343846270295,0.8148198339142562,-0.00023628587925232628,-0.00022337097026124138,-1.2914908991084895e-05,-2.551542238643754e-07,0.006084567566456811,0.0015208691312229572,0.9993832489561254,-1.057818206976405,0.022832634959437437,25.0,1.0,3.3333333333333335,,,LFP,D5-2-3,D5-2-3,1.0292812045549382e-05,0.8026788367740177,0.00024281994280476839,50.0,8.048984484393739e-07
hust,10-1,eligible_primary,1.192165037500003,1506.0,1410.0713971384341,153.77168037208298,0.8149336897306683,-0.0003539105741475897,-0.00032959181708453015,-2.4318757063059547e-05,-4.665451606307735e-07,0.00902209281009736,0.0022901912764941024,0.9995475219608838,-1.0737844685531817,0.03436259941424469,25.0,1.0,3.6666666666666665,,,LFP,D3-5-3,D3-5-3,1.591833295052485e-05,0.7964128578811738,0.0003704166369898898,50.0,8.385751329826501e-06
hust,10-2,eligible_primary,1.213431406944442,1492.0,1394.6023462849378,159.85205850342686,0.8148985663547784,-0.0003739247630781034,-0.00030593061765650265,-6.799414542160075e-05,-1.2911956684631472e-06,0.008850615446253984,0.002444112090361661,0.9969954168969658,-1.2222534832977856,0.03423803928738067,25.0,1.0,4.0,,,LFP,D3-5-4,D3-5-4,9.17047029098721e-06,0.7952495817366791,0.0003929796923619855,50.0,2.734144824532784e-05
hust,10-3,eligible_primary,1.2024857000000038,1627.0,1516.9742775573538,173.27120088505967,0.814513134935593,-0.00030462947020772036,-0.0002892621917394568,-1.5367278468263548e-05,-3.037679097317071e-07,0.00772413669133154,0.002257542840366056,0.999615213871845,-1.0531257762234794,0.029954161581687178,25.0,1.0,4.333333333333333,,,LFP,D3-5-5,D3-5-5,1.7066028310425563e-05,0.7983046030107879,0.00032417063849610184,50.0,1.5801677249526316e-05
hust,10-4,eligible_primary,1.1977736249999986,1605.0,1515.2620397048902,160.65499013267686,0.8147894019252206,-0.00036638768042383314,-0.00033942366319241905,-2.6964017231414085e-05,-5.423383783248035e-07,0.00940581911398719,0.0022250892483810514,0.9994199148648313,-1.0794405934394982,0.035298629528462966,25.0,1.0,2.3333333333333335,,,LFP,D2-4-1,D2-4-1,1.1219249936463814e-05,0.794274262488269,0.000410302788739032,50.0,1.3453446292454205e-05
hust,10-5,eligible_primary,1.2019336555555575,1793.0,1688.0659744100867,184.9924757840888,0.8147017409326583,-0.00032019588653127196,-0.0002856684462683407,-3.452744026293127e-05,-6.566086157132735e-07,0.007899977274587688,0.001995157405795256,0.9989504076512529,-1.120865432335842,0.03026860136174525,25.0,1.0,3.0,,,LFP,D2-5-2,D2-5-2,9.539162123454802e-06,0.7974509952538089,0.0003450149135769887,50.0,1.0838450398709086e-05
hust,10-6,eligible_primary,1.244751222222221,1830.0,1703.311646434751,348.8239854867013,0.8147451284553872,-0.00025790056664660234,-0.00024581972093516827,-1.2080845711434076e-05,-2.5553772783599943e-07,0.006624433495891258,0.0014999855071629042,0.999592520482984,-1.0491451445208508,0.0254483168392019,25.0,1.0,2.6666666666666665,,,LFP,D2-3-3,D2-3-3,1.4673460855447206e-05,0.8019487254257064,0.0002559280605936154,50.0,6.19159954022539e-06
hust,10-7,eligible_primary,1.2005247083333344,1557.0,1465.252847813224,176.5046262676408,0.8149488986754265,-0.00034527741259227725,-0.00031185660592812913,-3.342080666414812e-05,-6.238193718542077e-07,0.008641908528018993,0.002034925113758246,0.9991376047711602,-1.1071672237459365,0.03276142693723727,25.0,1.0,2.6666666666666665,,,LFP,D2-2-4,D2-2-4,1.2082025382948558e-05,0.7971152078646585,0.00035667381621536044,50.0,8.32298582198206e-06
hust,10-8,eligible_primary,1.1984935708333295,1211.0,1131.7282845179484,147.66548202326499,0.8146314222973782,-0.00038578700470621985,-0.00036260234458862576,-2.318466011759409e-05,-4.4170955380922523e-07,0.00971013392840031,0.0022825985726935283,0.9994857008130997,-1.06393963101341,0.037239901785489526,25.0,1.0,2.6666666666666665,,,LFP,D2-1-5,D2-1-5,1.8074718015861733e-05,0.793730186324513,0.0004180247194573039,50.0,1.404034569529141e-05
hust,2-2,eligible_primary,1.239540534722221,2238.0,2069.6734592130542,319.2117595208606,0.814856804271626,-0.00021033302810151154,-0.00020247776832000758,-7.855259781503951e-06,-1.7390211725958925e-07,0.005188710565433408,0.001533339770614428,0.9992946103520465,-1.0387956655522252,0.02078381859949563,25.0,1.0,4.0,,,LFP,D5-2-5,D5-2-5,2.8490160139096143e-05,0.8030706899058477,0.00023572228731556512,50.0,1.379136916848904e-05
hust,2-3,eligible_primary,1.1875334333333287,1528.0,1449.0513728670749,174.90981382100745,0.8147511430531981,-0.0003539376623031977,-0.00035448062464987567,5.429623466779551e-07,4.3495127629335306e-08,0.009080903762195891,0.0022441953818639337,0.9995813920363691,-0.9984682876610979,0.035078218473879264,25.0,1.0,3.0,,,LFP,D5-3-1,D5-3-1,1.0934517408382226e-05,0.7982597049844089,0.00032982876137578333,50.0,5.48494538423263e-06
hust,2-4,eligible_primary,1.1995950361111165,1292.0,1204.0790366678636,161.78068166490198,0.8145379514915124,-0.00035699384755476227,-0.00033225834737465437,-2.4735500180107903e-05,-4.4416180939241366e-07,0.009002904922948196,0.002255844473699531,0.9995751487548803,-1.074446587649508,0.034617591781206936,25.0,1.0,3.3333333333333335,,,LFP,D5-3-2,D5-3-2,9.035927131704379e-06,0.7951974265856985,0.000386810498116279,50.0,1.0920903199230483e-05
hust,2-5,eligible_primary,1.183398062499999,1206.0,1133.6593434534018,141.743617355296,0.8149253901434175,-0.00035422578743738933,-0.00034002665266814436,-1.4199134769244976e-05,-2.383457617403984e-07,0.009212145681652573,0.0022030781382689213,0.9997017727034776,-1.0417588875984463,0.035128988638010505,25.0,1.0,3.6666666666666665,,,LFP,D5-3-3,D5-3-3,2.259623298116311e-05,0.7966297939899263,0.00036591192306982377,50.0,7.475507522994798e-06
hust,2-6,eligible_primary,1.2003014361111135,1395.0,1317.5489220685713,138.5685583003676,0.8145491471532335,-0.00041099026910221417,-0.0003992201670636163,-1.1770102038597872e-05,-2.566288088809671e-07,0.01083162460168463,0.002523167747407129,0.9998308793937206,-1.0294827341142871,0.04056976000363366,25.0,1.0,4.0,,,LFP,D5-3-4,D5-3-4,3.00133947611662e-05,0.793399358603058,0.00042299577100350926,50.0,1.4592576200573544e-05
hust,2-7,eligible_primary,1.2096214291666694,1939.0,1817.9727457131203,205.7984160652734,0.8148667344360314,-0.00027156704281307954,-0.00026071749553060867,-1.0849547282470865e-05,-2.352167351823894e-07,0.006968572449889354,0.0018655106816072298,0.9995229163363188,-1.0416141895671023,0.02673714849782327,25.0,1.0,4.333333333333333,,,LFP,D5-3-5,D5-3-5,1.3986287713687838e-05,0.8006853426396208,0.00028362783592821293,50.0,1.4429181692479865e-05
hust,2-8,eligible_primary,1.1944402291666623,1302.0,1219.0727594625876,140.0306171475861,0.8145450815631653,-0.0004152247916854866,-0.0003842707546478431,-3.095403703764349e-05,-6.228061498668071e-07,0.010494866575174677,0.0026757214073848123,0.999257286386526,-1.0805526745484721,0.0393982706585998,25.0,1.0,3.3333333333333335,,,LFP,D5-4-1,D5-4-1,0.0003688670098980554,0.7924456835578145,0.00044198796010701534,50.0,6.4563474734957295e-06
hust,3-1,eligible_primary,1.2063029430555527,1701.0,1597.58287874755,184.9471243852222,0.8145915723475607,-0.00033112778135043646,-0.0002977604151485633,-3.3367366201873154e-05,-6.335949651032303e-07,0.008302294300117863,0.002025555011891833,0.999120965412138,-1.1120611219769592,0.03142574878703985,25.0,1.0,3.6666666666666665,,,LFP,D5-4-2,D5-4-2,1.5605451164393558e-05,0.7973545783987148,0.0003447398789769185,50.0,8.07916068357334e-06
hust,3-2,eligible_primary,1.2117188916666672,1952.0,1821.7284057685476,258.23206283811373,0.8149151691423759,-0.0002314728035933123,-0.0002213915703044332,-1.00812332888791e-05,-1.906864503180643e-07,0.006035432549706898,0.0015130822131619315,0.9994190709042192,-1.045535759446561,0.022720690719452596,25.0,1.0,4.0,,,LFP,D5-4-3,D5-4-3,1.5746423088794703e-05,0.8028199633807053,0.00024190411523341337,50.0,1.3656736468502428e-05
hust,3-3,eligible_primary,1.2007306833333369,1469.0,1379.6436810746884,141.07390841362826,0.8147587106023352,-0.0003974307340330184,-0.00034389770188998517,-5.353303214303322e-05,-1.0003396273124216e-06,0.009928229323924287,0.0023225258646063507,0.9985129320287902,-1.1556655710370485,0.03709632959985898,25.0,1.0,4.333333333333333,,,LFP,D5-4-4,D5-4-4,1.3300981550354528e-05,0.7944607823596395,0.00040595856485391434,50.0,2.079972667529734e-05
hust,3-4,eligible_primary,1.1953164472222237,1555.0,1445.701964022678,166.16781394576333,0.8149653285327946,-0.00028145339457004865,-0.0002623719783647191,-1.9081416205329535e-05,-3.562723229997511e-07,0.007143599800128186,0.0020474139933384095,0.9992365537684754,-1.0727265782125741,0.027554403839966213,25.0,1.0,4.666666666666667,,,LFP,D5-4-5,D5-4-5,8.368856372621879e-06,0.8001410582991643,0.0002964854046726062,50.0,1.729219746108277e-05
hust,3-5,eligible_primary,1.2459535597222229,2090.0,1934.970719834531,434.64481156429724,0.8145618763436986,-0.00021182743633363222,-0.000205511625509241,-6.315810824391227e-06,-9.979081542487924e-08,0.005626625244538497,0.0014578737165290567,0.99959126849398,-1.0307321340519844,0.021065216852601765,25.0,1.0,3.6666666666666665,,,LFP,D5-5-1,D5-5-1,1.5118747018667644e-05,0.8037796972330747,0.00021564358221247691,50.0,6.2098149716212415e-06
hust,3-6,eligible_primary,1.2044616972222226,2161.0,2023.624414033127,257.883850879615,0.8148104063942904,-0.00022957598139933225,-0.00022082647180609547,-8.749509593236783e-06,-1.5823583965989278e-07,0.00578571226809832,0.0015233957339566562,0.9995626874990585,-1.0396216518865529,0.022774742195668884,25.0,1.0,4.0,,,LFP,D5-5-2,D5-5-2,1.660036876204154e-05,0.8026396196496882,0.00024341573489204294,50.0,4.959669140286612e-06
hust,3-7,eligible_primary,1.191832604166665,2097.0,1951.6340777675573,299.9900340753834,0.8146286972452188,-0.00019439033646656253,-0.00019086022839587334,-3.530108070689186e-06,-7.215094888441696e-08,0.005220742557807967,0.0015071627408844712,0.9994279023974842,-1.0184957762041822,0.019525845288987487,25.0,1.0,4.333333333333333,,,LFP,D5-5-3,D5-5-3,3.2327583055377326e-05,0.8049083913948072,0.00019440611700823228,50.0,6.128102517199044e-06
hust,3-8,eligible_primary,1.2277505736111158,2021.0,1884.9682039052077,249.5534894889115,0.8148188030044022,-0.0002598465813934833,-0.00023570279300431278,-2.4143788389170532e-05,-4.491464654294356e-07,0.006448761779247469,0.0017779557103055899,0.9990339067947777,-1.1024331874961226,0.024919228337782706,25.0,1.0,4.666666666666667,,,LFP,D5-5-4,D5-5-4,1.5762198567899532e-05,0.8014718323667942,0.0002669394127521607,50.0,1.4750546459386308e-05
hust,4-1,eligible_primary,1.2057465513888905,1953.0,1806.3442313506202,207.37575991200788,0.8148880288513088,-0.00025079526552612274,-0.00022530004703392501,-2.5495218492197722e-05,-4.926480749673916e-07,0.006093340904864297,0.002043248561244382,0.9986883885539825,-1.1131611769630867,0.02431637055919611,25.0,1.0,5.0,,,LFP,D5-5-5,D5-5-5,2.7362274680267328e-05,0.8023564642503341,0.00025063129201949416,50.0,1.6905819680924364e-05
hust,4-2,eligible_primary,1.1952180902777738,1570.0,1480.251182812671,165.47790355903476,0.814698712151004,-0.0003599169387057899,-0.000331754469667614,-2.81624690381759e-05,-5.137339260487185e-07,0.008928626035650311,0.0020882268686363004,0.9994915645838937,-1.0848894939272167,0.03468726343876105,25.0,1.0,2.0,,,LFP,D4-1-1,D4-1-1,2.408871532975203e-05,0.7952848202874797,0.0003882778372704854,50.0,1.0258469139245754e-05
hust,4-3,eligible_primary,1.1865268513888876,1019.0,956.171123846588,96.42694580916987,0.8145533996337567,-0.000517904371915073,-0.0004551929126503666,-6.271145926470636e-05,-1.1977205251775464e-06,0.012767419169253502,0.003230408918806882,0.9987932360794378,-1.1377689711809618,0.04855208415539003,25.0,1.0,2.3333333333333335,,,LFP,D4-1-2,D4-1-2,5.6374594406982944e-05,0.7849167787211047,0.0005927324182530414,50.0,2.545661394497134e-05
hust,4-4,eligible_primary,1.1842981708333307,1319.0,1234.810868419597,135.09615751409592,0.8149252878594541,-0.0003892409178770226,-0.0003517076103807081,-3.753330749631451e-05,-7.062279427230272e-07,0.009611507491977533,0.0024502121433472857,0.9991394526849932,-1.106717359501224,0.036777329519766866,25.0,1.0,2.6666666666666665,,,LFP,D4-1-3,D4-1-3,3.053197881708629e-05,0.7943725860991694,0.0004110540352056935,50.0,1.1246891249726561e-05
hust,4-5,eligible_primary,1.2085665458333326,1342.0,1254.0031227352304,170.49508910816348,0.8143892292659127,-0.00037407079009576247,-0.00033774515363948294,-3.632563645627953e-05,-6.537566225847915e-07,0.00937053272339683,0.002252424645437512,0.9991785277826255,-1.1075533906699795,0.036030461904507094,25.0,1.0,3.0,,,LFP,D4-1-4,D4-1-4,2.6552160859619708e-05,0.7946786474639543,0.0003942116360391679,50.0,1.0961060962066628e-05
hust,4-6,eligible_primary,1.1864776111111088,1213.0,1130.1326544837648,131.3742223491863,0.8147394456148613,-0.0003649797842784159,-0.00033234556756820045,-3.2634216710215446e-05,-5.78056878930747e-07,0.009530501539946057,0.0024289289260363,0.9992686920912086,-1.0981936270400796,0.03509171062822336,25.0,1.0,3.3333333333333335,,,LFP,D4-1-5,D4-1-5,2.8504333343696596e-05,0.7950888387613854,0.00039301213706951946,50.0,2.5041003173893565e-05
hust,4-7,eligible_primary,1.2386643263888848,1754.0,1632.4809698986753,354.6933313041136,0.8146197307075789,-0.00025255064220617164,-0.000257636590919623,5.085948713451382e-06,2.99725984912295e-08,0.006565784267577035,0.0016919782992467214,0.9996058968523845,-0.9802592143635448,0.025591594320187427,25.0,1.0,2.3333333333333335,,,LFP,D4-2-1,D4-2-1,2.684790459998374e-05,0.8023491105007866,0.0002454124041358452,50.0,2.98828529422076e-06
hust,4-8,eligible_primary,1.201011744444446,1495.0,1414.0228622567727,164.5271183049863,0.8145214131822216,-0.0003894978527578884,-0.0003652455433584248,-2.4252309399463566e-05,-5.100277521511038e-07,0.009978444262341402,0.002467283736998893,0.999492833080031,-1.0664000145668147,0.03763070753824149,25.0,1.0,2.6666666666666665,,,LFP,D4-2-2,D4-2-2,2.7302122690210995e-05,0.7946803221838632,0.00039682181996716806,50.0,8.108115631340855e-06
hust,5-1,eligible_primary,1.2187114749999979,2048.0,1894.742379412107,355.7546066476109,0.8149003757340436,-0.0002113547164516278,-0.00020534055425797684,-6.014162193650966e-06,-1.1444649077535916e-07,0.005280889426557134,0.0015570342281129301,0.9991104271857658,-1.0292887209513186,0.020454315661767142,25.0,1.0,3.0,,,LFP,D4-2-3,D4-2-3,0.00033815838021334786,0.8046338291052314,0.00020533093257624424,50.0,5.059454555025979e-06
hust,5-2,eligible_primary,1.1908813486111087,1702.0,1610.0225404440764,175.6978207728455,0.8149810745151326,-0.0003173264213764328,-0.00030285011903937505,-1.4476302337057762e-05,-3.3288062932687844e-07,0.008229101536902539,0.002196679370718546,0.9992731721758588,-1.0478002200658723,0.03131709105049807,25.0,1.0,3.3333333333333335,,,LFP,D4-2-4,D4-2-4,5.923936090621384e-06,0.7985143789358642,0.00032933391158536775,50.0,8.226951938548923e-06
hust,5-3,eligible_primary,1.2185521000000037,2249.0,2079.8507405017763,341.881640534697,0.8146916100035596,-0.0002082916779824783,-0.00018590027443091567,-2.2391403551562633e-05,-4.5116607935783383e-07,0.005132086979622752,0.001508248774465204,0.998636097538515,-1.1204484695899883,0.019689216973250878,25.0,1.0,3.6666666666666665,,,LFP,D4-2-5,D4-2-5,0.00032939850499637675,0.804671819087989,0.00020039581831141185,50.0,7.521968161147798e-06
hust,5-4,eligible_primary,1.1922076152777707,1673.0,1566.6061860732286,225.90556243802462,0.8149140592394696,-0.00028578858347766135,-0.0002815877993911432,-4.200784086518146e-06,-8.254058996517254e-08,0.007540230038307838,0.002047210296729829,0.9997745816508861,-1.0149182034718875,0.028466350618203018,25.0,1.0,2.6666666666666665,,,LFP,D4-3-1,D4-3-1,1.0573844833432399e-05,0.8002675611466379,0.0002929299618566339,50.0,6.695711986898933e-06
hust,5-5,eligible_primary,1.1911170138888925,1369.0,1289.2869525098527,167.67932164981812,0.8146575649549308,-0.0003284499346562161,-0.0003182740976220919,-1.0175837034124213e-05,-2.0876765736701697e-07,0.00854265509596025,0.0020644523966873995,0.999838921220546,-1.0319719295731276,0.03253683660993534,25.0,1.0,3.0,,,LFP,D4-3-2,D4-3-2,5.787920011769043e-06,0.7972062989621458,0.0003490253198557003,50.0,7.080935566013952e-06
hust,5-6,eligible_primary,1.2185494930555532,2015.0,1865.3357348163606,345.02833832485817,0.8146853835389123,-0.0002168580591538389,-0.00020973860041116017,-7.119458742678729e-06,-1.6276149574191767e-07,0.005505088668133373,0.0014908929440171637,0.9994207641429923,-1.0339444371647475,0.02149231042348898,25.0,1.0,3.3333333333333335,,,LFP,D4-3-3,D4-3-3,1.9080103816501657e-05,0.8037772879271871,0.00021816191223450465,50.0,2.6354009823466416e-06
hust,5-7,eligible_primary,1.1943398208333345,1284.0,1201.569105317596,128.65668572962477,0.8145306764899162,-0.0004072902189387556,-0.0003699932000922962,-3.729701884645943e-05,-7.301343864392759e-07,0.00999497168676683,0.002540692311407966,0.9991711608074041,-1.1008046062391297,0.038358311427093894,25.0,1.0,3.6666666666666665,,,LFP,D4-3-4,D4-3-4,2.0723736160649774e-05,0.7928890142441827,0.0004328332449146699,50.0,1.51312382991238e-05
hust,6-1,eligible_primary,1.1882251569444477,1389.0,1295.3592109921246,172.45601720408035,0.8146133658148879,-0.00033958149714884595,-0.0003190356398439691,-2.0545857304876843e-05,-4.0802329736614483e-07,0.008655930307748305,0.0020575127902491275,0.9995947762075993,-1.064399881201126,0.032911872374958184,25.0,1.0,3.0,,,LFP,D4-4-1,D4-4-1,8.165786827959853e-06,0.7976003298725958,0.00034026071884584174,50.0,4.955486192992457e-06
hust,6-2,eligible_primary,1.2031034749999971,1642.0,1549.4097134426984,207.66391331524028,0.8145813522445011,-0.0002893784730024916,-0.0002808779076716237,-8.500565330867883e-06,-1.4127796204854308e-07,0.007524362428314502,0.001719936072303141,0.9997922324440279,-1.0302642717661012,0.028305811409678694,25.0,1.0,3.3333333333333335,,,LFP,D4-4-2,D4-4-2,1.6417147049999946e-05,0.7988621041606729,0.0003143849616765637,50.0,1.20452555054899e-05
hust,6-3,eligible_primary,1.203085994444439,1554.0,1464.9818385962058,195.1657194113302,0.8148028963053887,-0.00034680999769570953,-0.00033868549910496577,-8.124498590743757e-06,-1.6121242686047622e-07,0.009115647551439454,0.002331132858319762,0.9996531691726877,-1.0239883272599923,0.034194509253457794,25.0,1.0,3.6666666666666665,,,LFP,D4-4-3,D4-4-3,1.035157923660781e-05,0.7977786252852196,0.0003404854204033825,50.0,6.280915160450742e-06
hust,6-4,eligible_primary,1.1964177624999985,1485.0,1383.1074892737454,181.99708361809508,0.814603402844042,-0.00030531507620029647,-0.00028112660010616445,-2.418847609413202e-05,-4.1233184965900944e-07,0.007612860104806607,0.0020457342632417275,0.9992643872176316,-1.0860412215884143,0.029586901376724817,25.0,1.0,4.0,,,LFP,D4-4-4,D4-4-4,7.280295623749477e-06,0.7992445727201969,0.0003071766024769018,50.0,8.201055225784337e-06
hust,6-5,eligible_primary,1.2054675402777744,1870.0,1738.317945537475,240.98451420466586,0.8149379048732374,-0.00025286186418826365,-0.00024013278937843607,-1.2729074809827583e-05,-2.2834840056422754e-07,0.006294030488181557,0.0016952984984275332,0.9994902627822556,-1.053008482693162,0.024326873864436105,25.0,1.0,4.333333333333333,,,LFP,D4-4-5,D4-4-5,8.247137590825004e-06,0.802480591223252,0.00024914627299970737,50.0,7.572988168310652e-06
hust,6-6,eligible_primary,1.1916121055555584,2122.0,1989.5353849814207,271.3391559620079,0.8148365688109175,-0.00020715382138882305,-0.000197381344991797,-9.772476397026036e-06,-2.1396599371244754e-07,0.0052713698090233185,0.0013879846576030364,0.999320649098138,-1.0495106383910402,0.020353849709738414,25.0,1.0,3.3333333333333335,,,LFP,D4-5-1,D4-5-1,0.0003362770252979871,0.8048689189634158,0.00019935299695003294,50.0,7.511122170358351e-06
hust,6-8,eligible_primary,1.2253175611111105,1931.0,1778.9582592559789,401.8849502691917,0.8146851781430027,-0.00020007933346911626,-0.00018724425756533816,-1.2835075903778104e-05,-2.2274619512878243e-07,0.005018380734626182,0.001302759081766247,0.9994019412430322,-1.0685472338146305,0.019487710036312,25.0,1.0,4.0,,,LFP,D4-5-3,D4-5-3,2.9262837899751002e-05,0.8052308432964111,0.00018908669693183056,50.0,1.5816749686608965e-06
hust,7-1,eligible_primary,1.2030850916666673,1458.0,1356.7250047102855,181.75712128498958,0.8146078533241639,-0.0002951259013392053,-0.00028467976126014545,-1.0446140079059844e-05,-2.4594699943856806e-07,0.007697893272581413,0.002012961431957727,0.9996141459078292,-1.0366943545014216,0.029458509942970057,25.0,1.0,4.333333333333333,,,LFP,D4-5-4,D4-5-4,1.8988178939019626e-05,0.7988828213276469,0.0003145006399303396,50.0,1.3811162803993006e-05
hust,7-2,eligible_primary,1.2190814027777805,1797.0,1670.816454349663,181.73625417025005,0.8149604857874483,-0.0002912213996822369,-0.000254510601349217,-3.671079833301988e-05,-7.38511289476797e-07,0.006991017934731003,0.0017837776192034527,0.9983538667674439,-1.144240743365533,0.026979558269937587,25.0,1.0,4.666666666666667,,,LFP,D4-5-5,D4-5-5,2.1316610419628466e-05,0.7982728702448804,0.0003337523108513585,50.0,2.1769021305620877e-05
hust,7-3,eligible_primary,1.1793631430555551,1151.0,1082.585173686187,112.8684900504038,0.8149073554308327,-0.0005020110700075224,-0.0004423049458545461,-5.9706124152976285e-05,-1.167995074376136e-06,0.012219775748013029,0.003028667544937469,0.9987836488976347,-1.1349885971490152,0.04725049325138997,25.0,1.0,1.6666666666666667,,,LFP,D3-1-1,D3-1-1,0.0005300398484968578,0.7884728841063049,0.0005286894264905561,50.0,5.525387399087723e-06
hust,7-4,eligible_primary,1.1826545597222204,1244.0,1170.2230190812397,116.83745831938654,0.8146027702136748,-0.00046885985155695393,-0.0004109806274863343,-5.7879224070619636e-05,-1.0940615532652812e-06,0.011597820967685524,0.002801955068917228,0.998756063146947,-1.1408320008284192,0.04435342430748568,25.0,1.0,2.0,,,LFP,D3-1-2,D3-1-2,0.00037785340655359205,0.7900806418034032,0.0004904425682054314,50.0,9.177786021148353e-06
hust,7-5,eligible_primary,1.204514444444443,1650.0,1547.8578740788141,173.86215193674116,0.8148604393840575,-0.0003427598482942876,-0.00030476051670992214,-3.7999331584365474e-05,-7.256371651220396e-07,0.008416611133690632,0.0023516426757923536,0.9987708744335745,-1.124685874648697,0.03264407272160008,25.0,1.0,2.3333333333333335,,,LFP,D3-1-3,D3-1-3,2.752360794543438e-05,0.7965872467786987,0.00036546385210717514,50.0,2.0107773998337494e-05
hust,7-6,eligible_primary,1.1872807902777762,1265.0,1187.880954948538,120.8372081887776,0.8149886344692001,-0.0004328003023161725,-0.000387459858439331,-4.5340443876841475e-05,-8.383461099607775e-07,0.010784351678262971,0.0025959673564196484,0.9990844684293343,-1.1170197193058153,0.04107459044187545,25.0,1.0,2.6666666666666665,,,LFP,D3-1-4,D3-1-4,6.680562970664033e-05,0.7917578547849007,0.0004646155936859886,50.0,1.75484859911979e-05
hust,7-7,eligible_primary,1.1889662097222224,1493.0,1398.2347709720366,150.6549004731719,0.814945361187846,-0.0003625592437059735,-0.0003198305325059824,-4.272871119999111e-05,-8.13314159782941e-07,0.008813448380376065,0.002124018173510933,0.998861785259569,-1.1335979741058395,0.03412808961254732,25.0,1.0,3.0,,,LFP,D3-1-5,D3-1-5,2.175262267333131e-05,0.7959536597639457,0.0003798340284780055,50.0,8.882918014196169e-06
hust,7-8,eligible_primary,1.1984735013888874,1697.0,1600.1637489757616,187.90537752363684,0.8146438888781753,-0.00031798122667715356,-0.0003060528885516222,-1.1928338125531343e-05,-2.5036932587998335e-07,0.007982133389280166,0.002233134822980598,0.9995654736493783,-1.0389747608068054,0.03108605149920074,25.0,1.0,2.0,,,LFP,D3-2-1,D3-2-1,2.582047632555535e-05,0.7977675823796471,0.0003375261299705645,50.0,1.412782208389643e-05
hust,8-1,eligible_primary,1.1878202111111098,1155.0,1085.0741646703937,119.80277140520207,0.8147621180867275,-0.0004722111888165164,-0.0004204815890500126,-5.17295997665038e-05,-1.0241931273876398e-06,0.011769449019949751,0.0029418341368235845,0.998954171930044,-1.1230246486733835,0.04500094601055027,25.0,1.0,2.3333333333333335,,,LFP,D3-2-2,D3-2-2,0.0007116520479489852,0.7898571202376156,0.0004980999569822387,50.0,6.573087713351706e-06
hust,8-2,eligible_primary,1.2137892847222247,1716.0,1595.7496184323613,252.02617175618525,0.8145947810809211,-0.0003020531627970457,-0.00027956757489206276,-2.2485587904982928e-05,-4.3014194039578653e-07,0.007492911111592282,0.0018868577190349622,0.9992619611866269,-1.0804298850239136,0.02911972546924424,25.0,1.0,2.6666666666666665,,,LFP,D3-2-3,D3-2-3,0.00034721134080168667,0.7997372680133188,0.00029715026135204606,50.0,6.550302167413636e-06
hust,8-3,eligible_primary,1.2035714430555549,2002.0,1878.1109956659946,224.87207678211803,0.8148329753572676,-0.00026821535419026054,-0.0002460734763623025,-2.2141877827958046e-05,-4.256012632097856e-07,0.006827798956337894,0.0017576800985379393,0.9991543170511983,-1.0899807575984248,0.025828433654088823,25.0,1.0,3.0,,,LFP,D3-2-4,D3-2-4,2.1954015957426986e-05,0.8011800129626425,0.000273059247892502,50.0,1.3453908655277097e-05
hust,8-4,eligible_primary,1.1949460180555591,1656.0,1551.4963876872343,179.2696062224377,0.8146089160910522,-0.00032287732477107305,-0.00030880523544621954,-1.4072089324853514e-05,-2.996708363532963e-07,0.008298489327714875,0.0020406927854479395,0.9996269893423414,-1.0455694648587144,0.03144588093177336,25.0,1.0,3.3333333333333335,,,LFP,D3-2-5,D3-2-5,1.4812883929365882e-05,0.7977273325645079,0.0003376316705308868,50.0,5.056762838258893e-06
hust,8-5,eligible_primary,1.1837666166666678,1188.0,1115.9417116899654,125.46199409679957,0.8149890384502435,-0.00044696575907427285,-0.00041192209951799893,-3.504365955627392e-05,-6.599367689570814e-07,0.011309373093405628,0.0026709921420692284,0.9994972771293431,-1.0850735117083532,0.043130712257092085,25.0,1.0,2.3333333333333335,,,LFP,D3-3-1,D3-3-1,0.00037866738920915325,0.7915510669127326,0.00046875943075021855,50.0,5.928772799505878e-06
hust,8-6,eligible_primary,1.2330200375000044,1919.0,1783.8622619369492,343.1018851323572,0.8148871132103442,-0.00026386980440395823,-0.0002446866049798989,-1.9183199424059334e-05,-3.6974095162891035e-07,0.006632208484307178,0.001914226125786067,0.9992705150451205,-1.0783990583613485,0.02564847976276341,25.0,1.0,2.6666666666666665,,,LFP,D3-3-2,D3-3-2,2.038424970212209e-05,0.8025339526153943,0.00024706321189899906,50.0,5.462980943048817e-06
hust,8-7,eligible_primary,1.1953150902777794,1748.0,1638.3968735881836,233.62691008024854,0.814829853121073,-0.0002806119982963883,-0.0002896175825218614,9.005584225473093e-06,1.2590012058946393e-07,0.00753184471034668,0.0019079142368638724,0.9997203719577004,-0.9689052572462746,0.02850922148002155,25.0,1.0,3.0,,,LFP,D3-3-3,D3-3-3,2.290498984165281e-05,0.8005742107842161,0.00028511284673713886,50.0,4.1626189942182624e-06
hust,8-8,eligible_primary,1.209185981944446,1462.0,1375.8367759245998,169.07728692185856,0.8145612725664839,-0.00037039985066632545,-0.00033338551231119185,-3.7014338355133606e-05,-6.501700132964935e-07,0.009396369156897011,0.002217366921362207,0.9991672860202903,-1.1110256354528787,0.03495452818257916,25.0,1.0,3.3333333333333335,,,LFP,D3-3-4,D3-3-4,2.370146701444058e-05,0.794905825592237,0.0003931089394849385,50.0,1.2762960532551329e-05
hust,9-1,eligible_primary,1.2223063888888894,1791.0,1672.2136477147121,206.5939293703193,0.8148349693191588,-0.00030584526532480483,-0.0002593452267604878,-4.650003856431704e-05,-9.01436719575814e-07,0.007459152676983105,0.002060839092128619,0.9978835195717103,-1.1792978384262343,0.028483592701047056,25.0,1.0,3.6666666666666665,,,LFP,D3-3-5,D3-3-5,2.400635819822887e-05,0.7983632909133659,0.00032943356811585776,50.0,1.735243320705064e-05
hust,9-2,eligible_primary,1.2085212666666643,1843.0,1727.9571611639221,233.56357197005673,0.8147493294698009,-0.00026251101432091267,-0.0002496120991282543,-1.2898915192658376e-05,-2.3750815346133537e-07,0.006785247025833996,0.001956810366616213,0.9994694853821724,-1.0516758411860105,0.026135745217742645,25.0,1.0,2.6666666666666665,,,LFP,D3-4-1,D3-4-1,1.733179540068521e-05,0.800569334131028,0.000283599906775458,50.0,1.4504135131467382e-05
hust,9-3,eligible_primary,1.2139307944444453,1653.0,1551.0692288480845,195.90147870089663,0.8149800210787211,-0.0003359683486813203,-0.00029193033759286163,-4.403801108845864e-05,-8.452353430911745e-07,0.008158396515737243,0.0020212443441541827,0.9984637894744133,-1.1508510949960806,0.030938972077501403,25.0,1.0,3.0,,,LFP,D3-4-2,D3-4-2,2.7432242006075235e-05,0.7973563493236607,0.0003524734351012082,50.0,1.4687645476025757e-05
hust,9-4,eligible_primary,1.2169426819444435,1720.0,1611.4817035725655,198.03548260103594,0.814288720991084,-0.00032483846095576334,-0.000300536806922067,-2.4301654033696352e-05,-4.853266102869743e-07,0.008032397088789611,0.0021991860813754815,0.9993378404640388,-1.0808608246110702,0.031143574345203873,25.0,1.0,3.3333333333333335,,,LFP,D3-4-3,D3-4-3,3.596689253845928e-05,0.7966961417454032,0.0003518515849136161,50.0,1.2936822942210109e-05
hust,9-5,eligible_primary,1.2098829250000007,1877.0,1755.1307377369176,227.01146998949957,0.814618718400192,-0.00026770290435961983,-0.00025789895406212894,-9.803950297490886e-06,-1.939588630917388e-07,0.007030433850609974,0.001957898769033406,0.9993017705215275,-1.0380146958452925,0.026204693630961118,25.0,1.0,3.6666666666666665,,,LFP,D3-4-4,D3-4-4,2.6788776552776047e-05,0.800988322498263,0.00027260791803857876,50.0,1.1005648245521822e-05
hust,9-6,eligible_primary,1.218421627777778,1505.0,1403.2526238716312,184.35627906592276,0.814887523905985,-0.00033265470935779407,-0.00031791005894951944,-1.4744650408274622e-05,-3.353066307837559e-07,0.008637694271737328,0.0022259621431476306,0.9994717974682881,-1.0463799429844902,0.03210039786872698,25.0,1.0,4.0,,,LFP,D3-4-5,D3-4-5,2.6110932600028455e-05,0.7966085566976986,0.0003655793441657274,50.0,1.0767798442322675e-05
hust,9-7,eligible_primary,1.2056617624999988,1757.0,1648.745129284222,198.80763269946442,0.8149479167600807,-0.00031014944464281656,-0.00028686142862825265,-2.3288016014563913e-05,-4.7435793585037565e-07,0.007796647451830063,0.0018982212419280664,0.9992822509194026,-1.081182109863725,0.029680438319627966,25.0,1.0,3.0,,,LFP,D3-5-1,D3-5-1,1.8018493252336842e-05,0.7987354709901635,0.0003242489153983441,50.0,1.1357348419618857e-05
hust,9-8,eligible_primary,1.1994229263888907,2006.0,1881.919621679825,236.2187047433863,0.814529765527625,-0.0002471167040217603,-0.00023937757449288833,-7.739129528871964e-06,-1.2344981785960462e-07,0.006309899911654759,0.0016815992484705555,0.9995212038320849,-1.0323302195089368,0.024433157551122964,25.0,1.0,3.3333333333333335,,,LFP,D3-5-2,D3-5-2,1.2553225668654199e-05,0.8017982791034689,0.00025462972848312227,50.0,1.41960797515621e-05
sandia,sandia_SNL_18650_LFP_25C_0_100_0_5_3C_a,eligible_primary,1.034,3824.0,3489.9709864603324,588.1474854932335,0.8143133462282398,-0.00010579684660922413,-9.267433814650861e-05,-1.3122508462715522e-05,-2.14267173371229e-07,0.002417794970986431,0.0009671179883946612,0.9880053071837341,-1.1415980812506066,0.009671179883945835,25.0,0.5,3.0,0.0,100.0,LFP,LFP_T25_S0-100_C0.5-D3,LFP_T25_S0-100_C0.5-D3,0.0,0.8104448742746615,7.736943907156624e-05,50.0,4.015549795935617e-05
sandia,sandia_SNL_18650_LFP_25C_0_100_0_5_3C_b,eligible_primary,1.041,3366.0,3076.996157540825,553.3467819404391,0.8146013448607109,-0.00010005041196169661,-9.402381160306055e-05,-6.026600358636068e-06,-1.2271191637962067e-07,0.0024015369836695166,0.0009606147934678733,0.9869959918982414,-1.0640965331641574,0.009606147934678178,25.0,0.5,3.0,0.0,100.0,LFP,LFP_T25_S0-100_C0.5-D3,LFP_T25_S0-100_C0.5-D3,0.0,0.8097982708933718,9.606147934678289e-05,50.0,2.848414985590937e-05
sandia,sandia_SNL_18650_LFP_25C_0_100_0_5_3C_c,eligible_primary,1.0325,2782.0,2539.1554479418915,603.2503631961254,0.8145278450363196,-0.00011264216009977736,-0.00010485491273269622,-7.787247367081136e-06,-2.0003873855751284e-07,0.002905569007263964,0.0009685230024213398,0.9916093855043648,-1.0742668813900305,0.011516556968933389,25.0,0.5,3.0,0.0,100.0,LFP,LFP_T25_S0-100_C0.5-D3,LFP_T25_S0-100_C0.5-D3,0.0,0.8096852300242131,9.685230024212954e-05,50.0,2.871864406779428e-05
sandia,sandia_SNL_18650_LFP_25C_0_100_0_5_3C_d,eligible_primary,1.053,3395.0,3105.3257359924132,529.6267806267856,0.8148148148148149,-9.732654177098633e-05,-9.459884537044863e-05,-2.727696400537703e-06,-9.893584353418761e-08,0.0023741690408357607,0.0009496676163343043,0.9926316555005085,-1.0288343519400904,0.010446343779677125,25.0,0.5,3.0,0.0,100.0,LFP,LFP_T25_S0-100_C0.5-D3,LFP_T25_S0-100_C0.5-D3,0.0,0.8091168091168092,0.0001139601139601143,50.0,2.8159544159544782e-05
sandia,sandia_SNL_18650_LFP_35C_0_100_0_5_2C_b,eligible_primary,1.0335,3389.0,3054.9337203677137,168.44218674406648,0.8147073052733429,-0.0003377606966111995,-6.757309086716851e-05,-0.00027018760574403096,-4.773583292546305e-06,0.0026752861020424845,0.01258636140592484,0.6847586863248352,-4.998449712403285,0.02032704839189492,35.0,0.5,2.0,0.0,100.0,LFP,LFP_T35_S0-100_C0.5-D2,LFP_T35_S0-100_C0.5-D2,0.0,0.8089017900338654,0.00011611030478954954,50.0,2.869085631349275e-05
sandia,sandia_SNL_18650_NCA_15C_0_100_0_5_1C_a,eligible_primary,2.8605,308.0,273.7084425799686,168.25764726446425,0.8148925013109596,-0.0007534625559670656,-0.0005034647630880109,-0.0002499977928790547,-5.892205419709296e-06,0.0074209897668484626,0.030525731712223392,0.17460467305182936,-1.4965546969875079,0.05690415592342424,15.0,0.5,1.0,0.0,100.0,NCA,NCA_T15_S0-100_C0.5-D1,NCA_T15_S0-100_C0.5-D1,0.0005183009963293499,0.7937869565622666,0.00042211089497385946,50.0,0.0001504200563357846
sandia,sandia_SNL_18650_NCA_15C_0_100_0_5_1C_b,eligible_primary,2.8390000000000004,625.0,547.8247622402264,230.1319126452995,0.8143712574850298,-0.00045717060363785434,0.00047697601499332786,-0.0009341466186311822,-1.8675973277401598e-05,0.010866646968856253,0.011287586630137403,0.22411483238052698,-0.9584771335813383,0.045509131506194844,15.0,0.5,1.0,0.0,100.0,NCA,NCA_T15_S0-100_C0.5-D1,NCA_T15_S0-100_C0.5-D1,0.0005222261359634295,0.8210637548432546,-0.00013384994716449493,50.0,0.00023071398491128468
sandia,sandia_SNL_18650_NCA_15C_0_100_0_5_2C_a,eligible_primary,2.7990000000000004,242.0,218.16523758485158,439.27456234369487,0.8145766345123256,-0.0006016419535747069,-0.0008628873787873003,0.00026124542521259334,4.934677012041942e-06,0.01959788985426658,0.007237498307936074,0.9883666428376352,-0.6972427322094489,0.07288317256162924,15.0,0.5,2.0,0.0,100.0,NCA,NCA_T15_S0-100_C0.5-D2,NCA_T15_S0-100_C0.5-D2,0.0010593783494102919,0.8054581398118376,0.00018236989400976177,50.0,0.0002758779653292162
sandia,sandia_SNL_18650_NCA_15C_0_100_0_5_2C_b,eligible_primary,2.814,307.0,273.34808102345437,334.0993248045494,0.8148542999289269,-0.0013079042314512283,-0.0006150333106587547,-0.0006928709207924737,-1.3086879261721467e-05,0.010412757693796293,0.06644643781997095,0.023751378158386904,-2.1265583648637634,0.11987680644397047,15.0,0.5,2.0,0.0,100.0,NCA,NCA_T15_S0-100_C0.5-D2,NCA_T15_S0-100_C0.5-D2,0.0010537313432833892,0.7768301350390903,0.0007604832977967324,50.0,6.315769274286064e-05
sandia,sandia_SNL_18650_NCA_25C_0_100_0_5_0_5C_a,eligible_primary,3.1391666666666667,309.0,276.8311122909475,158.24932306875456,0.8148659410671621,-0.0007642579251933008,-0.0006255237364963572,-0.00013873418869694365,-2.6671379317630876e-06,0.016180319183694947,0.007581731465774899,0.9946111417892615,-1.2217888476527088,0.06804263030603874,25.0,0.5,0.5,0.0,100.0,NCA,NCA_T25_S0-100_C0.5-D0.5,NCA_T25_S0-100_C0.5-D0.5,0.00047229094770390693,0.8120664196099961,5.599042914331998e-05,50.0,2.510443676442035e-05
sandia,sandia_SNL_18650_NCA_25C_0_100_0_5_0_5C_b,eligible_primary,3.1325,182.0,165.44916201117323,290.67757382282525,0.8143655227454111,-0.0016773769523978793,-0.0010318523976962435,-0.0006455245547016357,-1.0885510027115107e-05,0.02266929141007562,0.015902432224782603,0.9563355301972557,-1.6255977658654093,0.12969345754720552,25.0,0.5,0.5,0.0,100.0,NCA,NCA_T25_S0-100_C0.5-D0.5,NCA_T25_S0-100_C0.5-D0.5,0.0018931843575420973,0.8659095865638864,-0.0010308812763695063,50.0,0.0013681733865338536
sandia,sandia_SNL_18650_NCA_25C_0_100_0_5_1C_a,eligible_primary,3.06,461.0,413.0292483660132,151.376470588235,0.8143790849673203,-0.0008095367249146145,7.161431513239663e-05,-0.0008811510400470111,-1.34075490767105e-05,0.009088804730631339,0.02003235634161671,0.44105575761338955,-11.304118784323878,0.06291734002768856,25.0,0.5,1.0,0.0,100.0,NCA,NCA_T25_S0-100_C0.5-D1,NCA_T25_S0-100_C0.5-D1,0.00048450980392140226,0.8367584948209303,-0.0004475881970722018,50.0,3.6516150273939425e-05
sandia,sandia_SNL_18650_NCA_25C_0_100_0_5_1C_b,eligible_primary,3.037,377.0,338.4948962792228,118.9208100098781,0.8142904181758314,-0.0007914498758733792,-0.001052339333270571,0.0002608894573971919,5.6342512288989375e-06,0.013771895705607495,0.021611526827222782,0.9151058466522386,-0.7520861863194146,0.08624676767959916,25.0,0.5,1.0,0.0,100.0,NCA,NCA_T25_S0-100_C0.5-D1,NCA_T25_S0-100_C0.5-D1,0.0004881791241356927,0.821870957269609,-0.00015161078187555298,50.0,8.796490962564213e-06
sandia,sandia_SNL_18650_NCA_25C_0_100_0_5_1C_c,eligible_primary,3.1050000000000004,354.0,318.16215780998374,133.27342995169073,0.8144927536231883,-0.0007650294435006609,0.00025917419796226413,-0.0010242036414629249,-1.9723993518809622e-05,0.013660101781298117,0.012599345754220392,0.586633535187367,-2.9517963189069056,0.06983427684054044,25.0,0.5,1.0,0.0,100.0,NCA,NCA_T25_S0-100_C0.5-D1,NCA_T25_S0-100_C0.5-D1,0.0004774879227052503,0.8111099581474175,6.765590951541611e-05,50.0,0.00013380644154477897
sandia,sandia_SNL_18650_NCA_25C_0_100_0_5_1C_d,eligible_primary,3.0825,452.0,403.2288726682886,158.86326034063262,0.8149229521492295,-0.0008831503217134509,-0.00047570129666424626,-0.0004074490250492046,-4.973528122522666e-06,0.009881938485359065,0.020643997670889647,0.6393245700958181,-1.8565228388199777,0.050932684509326864,25.0,0.5,1.0,0.0,100.0,NCA,NCA_T25_S0-100_C0.5-D1,NCA_T25_S0-100_C0.5-D1,0.0009619464720196391,0.791753930440062,0.00046338043418334916,50.0,0.0003312162328857148
sandia,sandia_SNL_18650_NCA_25C_0_100_0_5_2C_a,eligible_primary,3.0404999999999998,431.0,383.88718960697247,254.8020062489726,0.8110508140108537,-0.000321774407276652,-0.0006757581982679685,0.0003539837909913165,2.7997320345792155e-06,0.010081970054023615,0.06909116778744462,0.1470756821279714,-0.4761679667392714,0.09439116410144821,25.0,0.5,2.0,0.0,100.0,NCA,NCA_T25_S0-100_C0.5-D2,NCA_T25_S0-100_C0.5-D2,0.0004876171682287492,0.7761821267785197,0.0006973737446466788,50.0,0.00014140897878638664
sandia,sandia_SNL_18650_NCA_25C_0_100_0_5_2C_b,eligible_primary,2.9314999999999998,432.0,393.17090226846346,257.10387173801826,0.8142589118198875,-0.0010589965847596812,-0.0006708033125488095,-0.0003881932722108717,-1.0565972814727983e-05,0.01431709009324178,0.10681562706503123,0.25693385390129053,-1.5786990984523883,0.13167320484393663,25.0,0.5,2.0,0.0,100.0,NCA,NCA_T25_S0-100_C0.5-D2,NCA_T25_S0-100_C0.5-D2,0.0005057479106260186,0.7802946716608247,0.000679284803181257,50.0,2.938623820820214e-05
sandia,sandia_SNL_18650_NCA_35C_0_100_0_5_1C_a,eligible_primary,3.1455,396.0,361.13368303926285,95.12287394690827,0.8144969003338101,-0.0007338116746768583,-0.000633948824602818,-9.986285007404039e-05,-1.5943764994140031e-06,0.019206759170540044,0.005482516895122025,0.9967700601976542,-1.1575250969770414,0.0689688897317744,35.0,0.5,1.0,0.0,100.0,NCA,NCA_T35_S0-100_C0.5-D1,NCA_T35_S0-100_C0.5-D1,0.00047134000953758415,0.7950296356263346,0.0003893452941495101,50.0,1.826286814241995e-05
sandia,sandia_SNL_18650_NCA_35C_0_100_0_5_1C_b,eligible_primary,3.091,337.0,314.1082174053703,94.3791653186671,0.8142995794241346,-0.001034196848778415,-0.0003266152757803498,-0.0007075815729980651,-1.4932306072342932e-05,0.017389809210099583,0.03960647049101762,0.8048913974230574,-3.166406856836411,0.1038510387843431,35.0,0.5,1.0,0.0,100.0,NCA,NCA_T35_S0-100_C0.5-D1,NCA_T35_S0-100_C0.5-D1,0.00047965059851177695,0.7396091188417196,0.001493809211648298,50.0,
sandia,sandia_SNL_18650_NCA_35C_0_100_0_5_1C_c,eligible_primary,3.149,404.0,369.80454112416635,86.75071451254365,0.8148618609082248,-0.0009707075534118551,-0.0008493905125901116,-0.00012131704082174346,-2.844422492281579e-06,0.02274489013320813,0.01346870717204296,0.9931421257834563,-1.1428283445876999,0.08656918044025075,35.0,0.5,1.0,0.0,100.0,NCA,NCA_T35_S0-100_C0.5-D1,NCA_T35_S0-100_C0.5-D1,0.0004708161321054211,0.7764692011849201,0.0007678531944660927,50.0,2.1286872964386626e-05
sandia,sandia_SNL_18650_NCA_35C_0_100_0_5_1C_d,eligible_primary,3.171333333333333,379.0,344.8593651461007,212.03605213369872,0.8147992432205172,-0.0008729547155523133,-0.0010143251938245583,0.0001413704782722451,3.0464338507819642e-06,0.02570694124300371,0.015186921463544278,0.9943994123944592,-0.8606260801437837,0.10090393104898043,35.0,0.5,1.0,0.0,100.0,NCA,NCA_T35_S0-100_C0.5-D1,NCA_T35_S0-100_C0.5-D1,0.00046750052554121843,0.8135117793558228,2.574927729388943e-05,50.0,0.0005778422376159256
sandia,sandia_SNL_18650_NCA_35C_0_100_0_5_2C_a,eligible_primary,2.981,312.0,286.6011405568602,252.42670244884266,0.8044280442804429,-0.0027381637963518916,-0.0008194613563513627,-0.001918702440000529,-2.6982821682724828e-05,0.030526668903052667,0.1356798473834837,0.33993336224254567,-3.3414190615937254,0.16385831098630155,35.0,0.5,2.0,0.0,100.0,NCA,NCA_T35_S0-100_C0.5-D2,NCA_T35_S0-100_C0.5-D2,0.0019893995303589354,0.8014546993523515,5.946689856182852e-05,50.0,0.00030356747711677217
sandia,sandia_SNL_18650_NCA_35C_0_100_0_5_2C_b,eligible_primary,3.011,265.0,243.99618067087349,385.68606775157843,0.800066423115244,-0.00042600176129759746,-0.0005781662465971641,0.00015216448529956663,3.1772476033964345e-06,0.019252978376159746,0.13892369902350854,0.4055452761497943,-0.7368153430001477,0.13892369902350854,35.0,0.5,2.0,0.0,100.0,NCA,NCA_T35_S0-100_C0.5-D2,NCA_T35_S0-100_C0.5-D2,0.0014771836599137887,0.7901029558286283,0.0001992693457323136,50.0,0.00041197100053504257
sandia,sandia_SNL_18650_NMC_15C_0_100_0_5_1C_a,eligible_primary,2.6485000000000003,150.0,135.17594865017938,263.3007362658109,0.8140456862374928,-0.0013353189671008391,-0.001490023913886572,0.0001547049467857328,3.036563476193239e-06,0.038857089822191604,0.008492009862909433,0.998757773278178,-0.8961728430369945,0.14093743604515097,15.0,0.5,1.0,0.0,100.0,NMC,NMC_T15_S0-100_C0.5-D1,NMC_T15_S0-100_C0.5-D1,0.0005597885595617718,0.7766039354783293,0.0007488350151832712,50.0,6.928150701510814e-05
sandia,sandia_SNL_18650_NMC_15C_0_100_0_5_1C_b,eligible_primary,2.5540000000000003,190.0,172.32439310884882,239.6321456538762,0.8148003132341424,-0.0008849892526465623,-0.0014911134701913104,0.0006061242175447482,1.1339736424274815e-05,0.03175381641520508,0.008674541526473845,0.9839415294908881,-0.5935089919971133,0.1191857888950788,15.0,0.5,1.0,0.0,100.0,NMC,NMC_T15_S0-100_C0.5-D1,NMC_T15_S0-100_C0.5-D1,0.0005805011746281574,0.7798483411576284,0.0006990394415302803,50.0,3.613568884982551e-05
sandia,sandia_SNL_18650_NMC_15C_0_100_0_5_2C_a,eligible_primary,2.684,144.0,129.57563338301037,184.26043219075996,0.8148286140089418,-0.0013797110096177155,-0.0014410548282263096,6.134381860859405e-05,1.3202586782519247e-06,0.037697360115572454,0.009507592269135556,0.999658898948039,-0.9574313083672897,0.1409293974444109,15.0,0.5,2.0,0.0,100.0,NMC,NMC_T15_S0-100_C0.5-D2,NMC_T15_S0-100_C0.5-D2,0.0005523845007451047,0.7703234838792636,0.0008901026025935632,50.0,8.331674650414589e-05
sandia,sandia_SNL_18650_NMC_15C_0_100_0_5_2C_b,eligible_primary,2.657,143.0,128.91512984569061,184.79977418140743,0.8144523899134363,-0.0014380341223678417,-0.0014935735989199848,5.553947655214308e-05,1.2771977737745236e-06,0.039185140594098,0.008469859524930179,0.9997393204379975,-0.9628143691129087,0.14645929678332092,15.0,0.5,2.0,0.0,100.0,NMC,NMC_T15_S0-100_C0.5-D2,NMC_T15_S0-100_C0.5-D2,0.000557997741813997,0.7706267533900409,0.0008765127304679065,50.0,9.913194962565961e-05
sandia,sandia_SNL_18650_NMC_25C_0_100_0_5_0_5C_b,eligible_primary,2.943,510.0,445.73054706082195,133.6916411824671,0.8144750254841997,-0.0005007631186328357,0.00020768004781600497,-0.0007084431664488407,-1.3773960627750814e-05,0.006506022965899749,0.006566835950165384,0.5195121221990198,-2.4112240145307022,0.0331527465595296,25.0,0.5,0.5,0.0,100.0,NMC,NMC_T25_S0-100_C0.5-D0.5,NMC_T25_S0-100_C0.5-D0.5,0.0005037716615695737,0.801322322774481,0.0002630540541943738,50.0,6.11113907079157e-05
sandia,sandia_SNL_18650_NMC_25C_0_100_0_5_1C_b,eligible_primary,2.853,700.0,607.2783035401332,68.79425166491399,0.814931650893796,-0.00019153069979308842,-0.00014440090115817568,-4.7129798634912734e-05,-9.182064946183229e-07,0.003877411385670715,0.004116091499259955,0.9534941954373265,-1.3263816102039911,0.015259837913623286,25.0,0.5,1.0,0.0,100.0,NMC,NMC_T25_S0-100_C0.5-D1,NMC_T25_S0-100_C0.5-D1,3.292033312618514e-16,0.8072204696810374,0.00015422362425517199,50.0,7.889912119431024e-06
sandia,sandia_SNL_18650_NMC_25C_0_100_0_5_1C_d,eligible_primary,2.8935,429.0,378.47001900812194,79.92258510454457,0.8149300155520995,-0.00048535048311539915,-0.00032787456492267756,-0.00015747591819272158,-3.143916183678938e-06,0.009412616554141273,0.00493800914029352,0.9831423465072621,-1.4802931823328809,0.03993816628387592,25.0,0.5,1.0,0.0,100.0,NMC,NMC_T25_S0-100_C0.5-D1,NMC_T25_S0-100_C0.5-D1,1.646016656309257e-16,0.7958551776470499,0.000381496758100992,50.0,3.58672887506511e-05
sandia,sandia_SNL_18650_NMC_25C_0_100_0_5_2C_a,eligible_primary,2.864,579.0,502.7520949720665,65.70391061452494,0.8149441340782123,-0.000269494947024652,-6.922496249059122e-05,-0.0002002699845340608,-3.0378626050413678e-06,0.00535192904316778,0.009299449469071241,0.8624068812370512,-3.8930313188870374,0.020949720670391137,25.0,0.5,2.0,0.0,100.0,NMC,NMC_T25_S0-100_C0.5-D2,NMC_T25_S0-100_C0.5-D2,0.0005176675977652854,0.7904787131573876,0.0004893084184164942,50.0,2.0706703910614694e-05
sandia,sandia_SNL_18650_NMC_25C_0_100_0_5_2C_b,eligible_primary,2.801,871.0,756.7661549446638,361.7724027133157,0.8125669403784361,-0.00019636606071981243,7.449072368746453e-06,-0.00020381513308855888,-3.719316630156273e-06,0.001963584434130583,0.00749732238486267,0.6010881535557933,-26.361142837555406,0.016714812939364943,25.0,0.5,2.0,0.0,100.0,NMC,NMC_T25_S0-100_C0.5-D2,NMC_T25_S0-100_C0.5-D2,4.1150416407731424e-16,0.8177491147826167,-0.00010364348808361123,50.0,3.956015805078723e-05
sandia,sandia_SNL_18650_NMC_25C_0_100_0_5_3C_a,eligible_primary,2.88,600.0,524.0079861111108,106.42847222222144,0.7902777777777777,-0.0005297485653822433,-0.00016523167527441595,-0.00036451689010782735,-8.053912174453725e-06,0.004953307871064128,0.03402777777777788,0.5876929336346504,-3.2060957107796644,0.05048682851239661,25.0,0.5,3.0,0.0,100.0,NMC,NMC_T25_S0-100_C0.5-D3,NMC_T25_S0-100_C0.5-D3,3.292033312618514e-16,0.820138888888889,-0.0005972222222222246,50.0,1.0295833333331664e-05
sandia,sandia_SNL_18650_NMC_25C_0_100_0_5_3C_d,eligible_primary,2.911,711.0,613.0604603229128,156.08450704225368,0.814840261078667,-0.0001234993143658712,-6.283465008162217e-05,-6.066466428424903e-05,-1.2041872740536863e-06,0.0027481964960495153,0.0057964917476692746,0.8567464722121583,-1.9654651407375654,0.013740982480247355,25.0,0.5,3.0,0.0,100.0,NMC,NMC_T25_S0-100_C0.5-D3,NMC_T25_S0-100_C0.5-D3,0.00025465475781532193,0.8070652575286209,0.00015550007100092244,50.0,2.353504883867479e-05
sandia,sandia_SNL_18650_NMC_35C_0_100_0_5_1C_a,eligible_primary,2.888,531.0,468.9264196675903,209.4515235457073,0.8147506925207757,-0.00047753497559752605,-0.00010313165974961952,-0.0003744033158479065,-7.918991969369925e-06,0.003177410715602791,0.018392996103300585,0.6537830404689495,-4.630343162874268,0.03670360110803317,35.0,0.5,1.0,0.0,100.0,NMC,NMC_T35_S0-100_C0.5-D1,NMC_T35_S0-100_C0.5-D1,0.000513365650969483,0.8320637119113574,-0.00034626038781163435,50.0,5.108476629987058e-05
sandia,sandia_SNL_18650_NMC_35C_0_100_0_5_1C_b,eligible_primary,2.8905000000000003,525.0,462.72323127486607,215.2283341982352,0.8026293028887734,-0.0005230638356572485,4.1024381950063265e-05,-0.0005640882176073118,-1.2327813693072217e-05,0.002421726344922992,0.03597993426742785,0.3089753647729456,-12.750072293446017,0.04462895692786717,35.0,0.5,1.0,0.0,100.0,NMC,NMC_T35_S0-100_C0.5-D1,NMC_T35_S0-100_C0.5-D1,0.0005129216398545486,0.83307386265352,-0.0006088911952949317,50.0,0.00011540736896730716
sandia,sandia_SNL_18650_NMC_35C_0_100_0_5_1C_d,eligible_primary,2.8565,657.0,580.7727113600571,105.11009977245271,0.8090320322072466,-0.00038457743901469367,-0.00011205110650897426,-0.0002725263325057194,-6.121657763491909e-06,0.0026255907579205706,0.025905828811482512,0.5224684514321715,-3.4321610111355088,0.03640819184316468,35.0,0.5,1.0,0.0,100.0,NMC,NMC_T35_S0-100_C0.5-D1,NMC_T35_S0-100_C0.5-D1,0.000259513390512957,0.8167337650971469,-0.00015403465779800562,50.0,9.127574270008806e-05
sandia,sandia_SNL_18650_NMC_35C_0_100_0_5_2C_a,eligible_primary,2.8905000000000003,658.0,577.9505275903813,104.5642622383682,0.802110361529147,-0.0005048003178760206,-9.566824916707592e-05,-0.00040913206870894466,-8.876511508714431e-06,0.0032363072296135997,0.024390243902439046,0.5904995640970527,-5.276571090941913,0.040304445597647565,35.0,0.5,2.0,0.0,100.0,NMC,NMC_T35_S0-100_C0.5-D2,NMC_T35_S0-100_C0.5-D2,0.0002564608199272743,0.8188894654903995,-0.00033558207922504966,50.0,2.0516865594191808e-05
