scenario,source,target,model,n_cycles,seed,confidence_level,clip,n_train,n_calibration,n_test,discriminator_auc,cal_weight_ess,cal_weight_ess_fraction,raw_cal_weight_ess,raw_cal_weight_ess_fraction,cal_weight_sum,cal_weight_min,cal_weight_median,cal_weight_max,target_weight_median,target_weight_max,target_mass_fraction_median,target_mass_fraction_max,finite_interval_fraction,n_infinite_intervals,q_hat_median,mean_width,median_width,median_finite_width,winkler_mean,MAE,SMAPE,R2,covered_count,coverage,coverage_wilson95_lower,coverage_wilson95_upper
unweighted_source_cp,matr,hust,catboost,100,42,0.9,unweighted,89,20,77,,20.0,1.0,20.0,1.0,20.0,1.0,1.0,1.0,1.0,1.0,0.047619047619047616,0.047619047619047616,1.0,0,633.4154228868251,1266.8308457736505,1266.8308457736503,1266.8308457736503,7355.0554473929515,914.5200586033561,86.56493910540168,-11.162695297864643,17,0.22077922077922077,0.14266403041098702,0.3254306746168657
importance_weighted_source_cp,matr,hust,catboost,100,42,0.9,5,89,20,77,1.0,20.000000000000004,1.0000000000000002,16.356260507385738,0.8178130253692869,4.000000000000001,0.2,0.2,0.2,5.0,5.0,0.5555555555555556,0.5555555555555556,0.0,77,inf,inf,inf,inf,inf,914.5200586033561,86.56493910540168,-11.162695297864643,77,1.0,0.9524815747175658,0.9999999999999999
importance_weighted_source_cp,matr,hust,catboost,100,42,0.9,10,89,20,77,1.0,20.000000000000004,1.0000000000000002,16.356260507385738,0.8178130253692869,2.0000000000000004,0.1,0.1,0.1,10.0,10.0,0.8333333333333334,0.8333333333333334,0.0,77,inf,inf,inf,inf,inf,914.5200586033561,86.56493910540168,-11.162695297864643,77,1.0,0.9524815747175658,0.9999999999999999
importance_weighted_source_cp,matr,hust,catboost,100,42,0.9,20,89,20,77,1.0,20.000000000000004,1.0000000000000002,16.356260507385738,0.8178130253692869,1.0000000000000002,0.05,0.05,0.05,20.0,20.0,0.9523809523809523,0.9523809523809523,0.0,77,inf,inf,inf,inf,inf,914.5200586033561,86.56493910540168,-11.162695297864643,77,1.0,0.9524815747175658,0.9999999999999999
importance_weighted_source_cp,matr,hust,catboost,100,42,0.9,inf,89,20,77,1.0,16.356260507385738,0.8178130253692869,16.356260507385738,0.8178130253692869,0.17495371172499619,0.0024973418145147032,0.00868003197096286,0.017188419314154654,191.2359412711577,5839.361016132776,0.9990859782995077,0.9999700397920951,0.0,77,inf,inf,inf,inf,inf,914.5200586033561,86.56493910540168,-11.162695297864643,77,1.0,0.9524815747175658,0.9999999999999999
unweighted_source_cp,matr,hust,catboost,100,42,0.95,unweighted,89,20,77,,20.0,1.0,20.0,1.0,20.0,1.0,1.0,1.0,1.0,1.0,0.047619047619047616,0.047619047619047616,1.0,0,709.9133411616066,1419.8266823232132,1419.8266823232132,1419.8266823232132,11253.213058416151,914.5200586033561,86.56493910540168,-11.162695297864643,21,0.2727272727272727,0.18584490792429903,0.3812089217495345
importance_weighted_source_cp,matr,hust,catboost,100,42,0.95,5,89,20,77,1.0,20.000000000000004,1.0000000000000002,16.356260507385738,0.8178130253692869,4.000000000000001,0.2,0.2,0.2,5.0,5.0,0.5555555555555556,0.5555555555555556,0.0,77,inf,inf,inf,inf,inf,914.5200586033561,86.56493910540168,-11.162695297864643,77,1.0,0.9524815747175658,0.9999999999999999
importance_weighted_source_cp,matr,hust,catboost,100,42,0.95,10,89,20,77,1.0,20.000000000000004,1.0000000000000002,16.356260507385738,0.8178130253692869,2.0000000000000004,0.1,0.1,0.1,10.0,10.0,0.8333333333333334,0.8333333333333334,0.0,77,inf,inf,inf,inf,inf,914.5200586033561,86.56493910540168,-11.162695297864643,77,1.0,0.9524815747175658,0.9999999999999999
importance_weighted_source_cp,matr,hust,catboost,100,42,0.95,20,89,20,77,1.0,20.000000000000004,1.0000000000000002,16.356260507385738,0.8178130253692869,1.0000000000000002,0.05,0.05,0.05,20.0,20.0,0.9523809523809523,0.9523809523809523,0.0,77,inf,inf,inf,inf,inf,914.5200586033561,86.56493910540168,-11.162695297864643,77,1.0,0.9524815747175658,0.9999999999999999
importance_weighted_source_cp,matr,hust,catboost,100,42,0.95,inf,89,20,77,1.0,16.356260507385738,0.8178130253692869,16.356260507385738,0.8178130253692869,0.17495371172499619,0.0024973418145147032,0.00868003197096286,0.017188419314154654,191.2359412711577,5839.361016132776,0.9990859782995077,0.9999700397920951,0.0,77,inf,inf,inf,inf,inf,914.5200586033561,86.56493910540168,-11.162695297864643,77,1.0,0.9524815747175658,0.9999999999999999
unweighted_source_cp,matr,hust,random_forest,100,42,0.9,unweighted,89,20,77,,20.0,1.0,20.0,1.0,20.0,1.0,1.0,1.0,1.0,1.0,0.047619047619047616,0.047619047619047616,1.0,0,449.96620247286,899.93240494572,899.93240494572,899.93240494572,10422.25552018403,919.2441361879693,87.47813473974365,-11.430578184409805,6,0.07792207792207792,0.03620095505416615,0.1597561571972392
importance_weighted_source_cp,matr,hust,random_forest,100,42,0.9,5,89,20,77,1.0,20.000000000000004,1.0000000000000002,16.356260507385738,0.8178130253692869,4.000000000000001,0.2,0.2,0.2,5.0,5.0,0.5555555555555556,0.5555555555555556,0.0,77,inf,inf,inf,inf,inf,919.2441361879693,87.47813473974365,-11.430578184409805,77,1.0,0.9524815747175658,0.9999999999999999
importance_weighted_source_cp,matr,hust,random_forest,100,42,0.9,10,89,20,77,1.0,20.000000000000004,1.0000000000000002,16.356260507385738,0.8178130253692869,2.0000000000000004,0.1,0.1,0.1,10.0,10.0,0.8333333333333334,0.8333333333333334,0.0,77,inf,inf,inf,inf,inf,919.2441361879693,87.47813473974365,-11.430578184409805,77,1.0,0.9524815747175658,0.9999999999999999
importance_weighted_source_cp,matr,hust,random_forest,100,42,0.9,20,89,20,77,1.0,20.000000000000004,1.0000000000000002,16.356260507385738,0.8178130253692869,1.0000000000000002,0.05,0.05,0.05,20.0,20.0,0.9523809523809523,0.9523809523809523,0.0,77,inf,inf,inf,inf,inf,919.2441361879693,87.47813473974365,-11.430578184409805,77,1.0,0.9524815747175658,0.9999999999999999
importance_weighted_source_cp,matr,hust,random_forest,100,42,0.9,inf,89,20,77,1.0,16.356260507385738,0.8178130253692869,16.356260507385738,0.8178130253692869,0.17495371172499619,0.0024973418145147032,0.00868003197096286,0.017188419314154654,191.2359412711577,5839.361016132776,0.9990859782995077,0.9999700397920951,0.0,77,inf,inf,inf,inf,inf,919.2441361879693,87.47813473974365,-11.430578184409805,77,1.0,0.9524815747175658,0.9999999999999999
unweighted_source_cp,matr,hust,random_forest,100,42,0.95,unweighted,89,20,77,,20.0,1.0,20.0,1.0,20.0,1.0,1.0,1.0,1.0,1.0,0.047619047619047616,0.047619047619047616,1.0,0,712.8314014901115,1425.6628029802232,1425.662802980223,1425.662802980223,11757.085875831659,919.2441361879693,87.47813473974365,-11.430578184409805,21,0.2727272727272727,0.18584490792429903,0.3812089217495345
importance_weighted_source_cp,matr,hust,random_forest,100,42,0.95,5,89,20,77,1.0,20.000000000000004,1.0000000000000002,16.356260507385738,0.8178130253692869,4.000000000000001,0.2,0.2,0.2,5.0,5.0,0.5555555555555556,0.5555555555555556,0.0,77,inf,inf,inf,inf,inf,919.2441361879693,87.47813473974365,-11.430578184409805,77,1.0,0.9524815747175658,0.9999999999999999
importance_weighted_source_cp,matr,hust,random_forest,100,42,0.95,10,89,20,77,1.0,20.000000000000004,1.0000000000000002,16.356260507385738,0.8178130253692869,2.0000000000000004,0.1,0.1,0.1,10.0,10.0,0.8333333333333334,0.8333333333333334,0.0,77,inf,inf,inf,inf,inf,919.2441361879693,87.47813473974365,-11.430578184409805,77,1.0,0.9524815747175658,0.9999999999999999
importance_weighted_source_cp,matr,hust,random_forest,100,42,0.95,20,89,20,77,1.0,20.000000000000004,1.0000000000000002,16.356260507385738,0.8178130253692869,1.0000000000000002,0.05,0.05,0.05,20.0,20.0,0.9523809523809523,0.9523809523809523,0.0,77,inf,inf,inf,inf,inf,919.2441361879693,87.47813473974365,-11.430578184409805,77,1.0,0.9524815747175658,0.9999999999999999
importance_weighted_source_cp,matr,hust,random_forest,100,42,0.95,inf,89,20,77,1.0,16.356260507385738,0.8178130253692869,16.356260507385738,0.8178130253692869,0.17495371172499619,0.0024973418145147032,0.00868003197096286,0.017188419314154654,191.2359412711577,5839.361016132776,0.9990859782995077,0.9999700397920951,0.0,77,inf,inf,inf,inf,inf,919.2441361879693,87.47813473974365,-11.430578184409805,77,1.0,0.9524815747175658,0.9999999999999999
unweighted_source_cp,matr,hust,catboost,100,123,0.9,unweighted,89,20,77,,20.0,1.0,20.0,1.0,20.0,1.0,1.0,1.0,1.0,1.0,0.047619047619047616,0.047619047619047616,1.0,0,697.7135350612382,1395.427070122476,1395.4270701224764,1395.4270701224764,6187.909364492705,885.1437544236642,82.57913860666102,-10.548506221608077,22,0.2857142857142857,0.1968951815913284,0.39489842924400037
importance_weighted_source_cp,matr,hust,catboost,100,123,0.9,5,89,20,77,1.0,20.000000000000004,1.0000000000000002,11.247598966849093,0.5623799483424546,4.000000000000001,0.2,0.2,0.2,5.0,5.0,0.5555555555555556,0.5555555555555556,0.0,77,inf,inf,inf,inf,inf,885.1437544236642,82.57913860666102,-10.548506221608077,77,1.0,0.9524815747175658,0.9999999999999999
importance_weighted_source_cp,matr,hust,catboost,100,123,0.9,10,89,20,77,1.0,20.000000000000004,1.0000000000000002,11.247598966849093,0.5623799483424546,2.0000000000000004,0.1,0.1,0.1,10.0,10.0,0.8333333333333334,0.8333333333333334,0.0,77,inf,inf,inf,inf,inf,885.1437544236642,82.57913860666102,-10.548506221608077,77,1.0,0.9524815747175658,0.9999999999999999
importance_weighted_source_cp,matr,hust,catboost,100,123,0.9,20,89,20,77,1.0,20.000000000000004,1.0000000000000002,11.247598966849093,0.5623799483424546,1.0000000000000002,0.05,0.05,0.05,20.0,20.0,0.9523809523809523,0.9523809523809523,0.0,77,inf,inf,inf,inf,inf,885.1437544236642,82.57913860666102,-10.548506221608077,77,1.0,0.9524815747175658,0.9999999999999999
importance_weighted_source_cp,matr,hust,catboost,100,123,0.9,inf,89,20,77,1.0,11.247598966849093,0.5623799483424546,11.247598966849093,0.5623799483424546,0.2574894965869046,0.001006993606397911,0.009133458357101745,0.04250918271552383,190.55704548971883,4166.834511104176,0.9986505771344651,0.999938208828471,0.0,77,inf,inf,inf,inf,inf,885.1437544236642,82.57913860666102,-10.548506221608077,77,1.0,0.9524815747175658,0.9999999999999999
unweighted_source_cp,matr,hust,catboost,100,123,0.95,unweighted,89,20,77,,20.0,1.0,20.0,1.0,20.0,1.0,1.0,1.0,1.0,1.0,0.047619047619047616,0.047619047619047616,1.0,0,817.8078961690737,1635.6157923381477,1635.6157923381475,1635.6157923381475,8047.320179073007,885.1437544236642,82.57913860666102,-10.548506221608077,29,0.37662337662337664,0.27670011608658907,0.48827196287920627
importance_weighted_source_cp,matr,hust,catboost,100,123,0.95,5,89,20,77,1.0,20.000000000000004,1.0000000000000002,11.247598966849093,0.5623799483424546,4.000000000000001,0.2,0.2,0.2,5.0,5.0,0.5555555555555556,0.5555555555555556,0.0,77,inf,inf,inf,inf,inf,885.1437544236642,82.57913860666102,-10.548506221608077,77,1.0,0.9524815747175658,0.9999999999999999
importance_weighted_source_cp,matr,hust,catboost,100,123,0.95,10,89,20,77,1.0,20.000000000000004,1.0000000000000002,11.247598966849093,0.5623799483424546,2.0000000000000004,0.1,0.1,0.1,10.0,10.0,0.8333333333333334,0.8333333333333334,0.0,77,inf,inf,inf,inf,inf,885.1437544236642,82.57913860666102,-10.548506221608077,77,1.0,0.9524815747175658,0.9999999999999999
importance_weighted_source_cp,matr,hust,catboost,100,123,0.95,20,89,20,77,1.0,20.000000000000004,1.0000000000000002,11.247598966849093,0.5623799483424546,1.0000000000000002,0.05,0.05,0.05,20.0,20.0,0.9523809523809523,0.9523809523809523,0.0,77,inf,inf,inf,inf,inf,885.1437544236642,82.57913860666102,-10.548506221608077,77,1.0,0.9524815747175658,0.9999999999999999
importance_weighted_source_cp,matr,hust,catboost,100,123,0.95,inf,89,20,77,1.0,11.247598966849093,0.5623799483424546,11.247598966849093,0.5623799483424546,0.2574894965869046,0.001006993606397911,0.009133458357101745,0.04250918271552383,190.55704548971883,4166.834511104176,0.9986505771344651,0.999938208828471,0.0,77,inf,inf,inf,inf,inf,885.1437544236642,82.57913860666102,-10.548506221608077,77,1.0,0.9524815747175658,0.9999999999999999
unweighted_source_cp,matr,hust,random_forest,100,123,0.9,unweighted,89,20,77,,20.0,1.0,20.0,1.0,20.0,1.0,1.0,1.0,1.0,1.0,0.047619047619047616,0.047619047619047616,1.0,0,602.3391105452968,1204.6782210905933,1204.6782210905935,1204.6782210905935,8946.28731323187,978.0064544792366,95.78742513609397,-12.784395655328296,9,0.11688311688311688,0.06272562005649385,0.20745083567939715
importance_weighted_source_cp,matr,hust,random_forest,100,123,0.9,5,89,20,77,1.0,20.000000000000004,1.0000000000000002,11.247598966849093,0.5623799483424546,4.000000000000001,0.2,0.2,0.2,5.0,5.0,0.5555555555555556,0.5555555555555556,0.0,77,inf,inf,inf,inf,inf,978.0064544792366,95.78742513609397,-12.784395655328296,77,1.0,0.9524815747175658,0.9999999999999999
importance_weighted_source_cp,matr,hust,random_forest,100,123,0.9,10,89,20,77,1.0,20.000000000000004,1.0000000000000002,11.247598966849093,0.5623799483424546,2.0000000000000004,0.1,0.1,0.1,10.0,10.0,0.8333333333333334,0.8333333333333334,0.0,77,inf,inf,inf,inf,inf,978.0064544792366,95.78742513609397,-12.784395655328296,77,1.0,0.9524815747175658,0.9999999999999999
importance_weighted_source_cp,matr,hust,random_forest,100,123,0.9,20,89,20,77,1.0,20.000000000000004,1.0000000000000002,11.247598966849093,0.5623799483424546,1.0000000000000002,0.05,0.05,0.05,20.0,20.0,0.9523809523809523,0.9523809523809523,0.0,77,inf,inf,inf,inf,inf,978.0064544792366,95.78742513609397,-12.784395655328296,77,1.0,0.9524815747175658,0.9999999999999999
importance_weighted_source_cp,matr,hust,random_forest,100,123,0.9,inf,89,20,77,1.0,11.247598966849093,0.5623799483424546,11.247598966849093,0.5623799483424546,0.2574894965869046,0.001006993606397911,0.009133458357101745,0.04250918271552383,190.55704548971883,4166.834511104176,0.9986505771344651,0.999938208828471,0.0,77,inf,inf,inf,inf,inf,978.0064544792366,95.78742513609397,-12.784395655328296,77,1.0,0.9524815747175658,0.9999999999999999
unweighted_source_cp,matr,hust,random_forest,100,123,0.95,unweighted,89,20,77,,20.0,1.0,20.0,1.0,20.0,1.0,1.0,1.0,1.0,1.0,0.047619047619047616,0.047619047619047616,1.0,0,843.0438187206381,1686.0876374412765,1686.0876374412762,1686.0876374412762,9695.072605846988,978.0064544792366,95.78742513609397,-12.784395655328296,24,0.3116883116883117,0.21927281991691477,0.42200035324140445
importance_weighted_source_cp,matr,hust,random_forest,100,123,0.95,5,89,20,77,1.0,20.000000000000004,1.0000000000000002,11.247598966849093,0.5623799483424546,4.000000000000001,0.2,0.2,0.2,5.0,5.0,0.5555555555555556,0.5555555555555556,0.0,77,inf,inf,inf,inf,inf,978.0064544792366,95.78742513609397,-12.784395655328296,77,1.0,0.9524815747175658,0.9999999999999999
importance_weighted_source_cp,matr,hust,random_forest,100,123,0.95,10,89,20,77,1.0,20.000000000000004,1.0000000000000002,11.247598966849093,0.5623799483424546,2.0000000000000004,0.1,0.1,0.1,10.0,10.0,0.8333333333333334,0.8333333333333334,0.0,77,inf,inf,inf,inf,inf,978.0064544792366,95.78742513609397,-12.784395655328296,77,1.0,0.9524815747175658,0.9999999999999999
importance_weighted_source_cp,matr,hust,random_forest,100,123,0.95,20,89,20,77,1.0,20.000000000000004,1.0000000000000002,11.247598966849093,0.5623799483424546,1.0000000000000002,0.05,0.05,0.05,20.0,20.0,0.9523809523809523,0.9523809523809523,0.0,77,inf,inf,inf,inf,inf,978.0064544792366,95.78742513609397,-12.784395655328296,77,1.0,0.9524815747175658,0.9999999999999999
importance_weighted_source_cp,matr,hust,random_forest,100,123,0.95,inf,89,20,77,1.0,11.247598966849093,0.5623799483424546,11.247598966849093,0.5623799483424546,0.2574894965869046,0.001006993606397911,0.009133458357101745,0.04250918271552383,190.55704548971883,4166.834511104176,0.9986505771344651,0.999938208828471,0.0,77,inf,inf,inf,inf,inf,978.0064544792366,95.78742513609397,-12.784395655328296,77,1.0,0.9524815747175658,0.9999999999999999
unweighted_source_cp,matr,hust,catboost,100,456,0.9,unweighted,89,20,77,,20.0,1.0,20.0,1.0,20.0,1.0,1.0,1.0,1.0,1.0,0.047619047619047616,0.047619047619047616,1.0,0,351.826021801346,703.6520436026921,703.652043602692,703.652043602692,10155.128398083423,820.3546477658032,74.07071399917196,-9.061149649618295,2,0.025974025974025976,0.007152159807893181,0.08984582779753131
importance_weighted_source_cp,matr,hust,catboost,100,456,0.9,5,89,20,77,0.9844961240310077,20.000000000000004,1.0000000000000002,12.649420422605152,0.6324710211302575,4.000000000000001,0.2,0.2,0.2,5.0,5.0,0.5555555555555556,0.5555555555555556,0.0,77,inf,inf,inf,inf,inf,820.3546477658032,74.07071399917196,-9.061149649618295,77,1.0,0.9524815747175658,0.9999999999999999
importance_weighted_source_cp,matr,hust,catboost,100,456,0.9,10,89,20,77,0.9844961240310077,20.000000000000004,1.0000000000000002,12.649420422605152,0.6324710211302575,2.0000000000000004,0.1,0.1,0.1,10.0,10.0,0.8333333333333334,0.8333333333333334,0.0,77,inf,inf,inf,inf,inf,820.3546477658032,74.07071399917196,-9.061149649618295,77,1.0,0.9524815747175658,0.9999999999999999
importance_weighted_source_cp,matr,hust,catboost,100,456,0.9,20,89,20,77,0.9844961240310077,20.000000000000004,1.0000000000000002,12.649420422605152,0.6324710211302575,1.0000000000000002,0.05,0.05,0.05,20.0,20.0,0.9523809523809523,0.9523809523809523,0.0,77,inf,inf,inf,inf,inf,820.3546477658032,74.07071399917196,-9.061149649618295,77,1.0,0.9524815747175658,0.9999999999999999
importance_weighted_source_cp,matr,hust,catboost,100,456,0.9,inf,89,20,77,0.9844961240310077,12.649420422605152,0.6324710211302575,12.649420422605152,0.6324710211302575,0.19088595428553076,0.0007820218559222175,0.007727309738582187,0.0267637506964989,200.33394034121932,4003.774742334714,0.9990480682227135,0.9999523257759915,0.0,77,inf,inf,inf,inf,inf,820.3546477658032,74.07071399917196,-9.061149649618295,77,1.0,0.9524815747175658,0.9999999999999999
unweighted_source_cp,matr,hust,catboost,100,456,0.95,unweighted,89,20,77,,20.0,1.0,20.0,1.0,20.0,1.0,1.0,1.0,1.0,1.0,0.047619047619047616,0.047619047619047616,1.0,0,354.18782853403934,708.3756570680788,708.3756570680787,708.3756570680787,19519.309921898606,820.3546477658032,74.07071399917196,-9.061149649618295,2,0.025974025974025976,0.007152159807893181,0.08984582779753131
importance_weighted_source_cp,matr,hust,catboost,100,456,0.95,5,89,20,77,0.9844961240310077,20.000000000000004,1.0000000000000002,12.649420422605152,0.6324710211302575,4.000000000000001,0.2,0.2,0.2,5.0,5.0,0.5555555555555556,0.5555555555555556,0.0,77,inf,inf,inf,inf,inf,820.3546477658032,74.07071399917196,-9.061149649618295,77,1.0,0.9524815747175658,0.9999999999999999
importance_weighted_source_cp,matr,hust,catboost,100,456,0.95,10,89,20,77,0.9844961240310077,20.000000000000004,1.0000000000000002,12.649420422605152,0.6324710211302575,2.0000000000000004,0.1,0.1,0.1,10.0,10.0,0.8333333333333334,0.8333333333333334,0.0,77,inf,inf,inf,inf,inf,820.3546477658032,74.07071399917196,-9.061149649618295,77,1.0,0.9524815747175658,0.9999999999999999
importance_weighted_source_cp,matr,hust,catboost,100,456,0.95,20,89,20,77,0.9844961240310077,20.000000000000004,1.0000000000000002,12.649420422605152,0.6324710211302575,1.0000000000000002,0.05,0.05,0.05,20.0,20.0,0.9523809523809523,0.9523809523809523,0.0,77,inf,inf,inf,inf,inf,820.3546477658032,74.07071399917196,-9.061149649618295,77,1.0,0.9524815747175658,0.9999999999999999
importance_weighted_source_cp,matr,hust,catboost,100,456,0.95,inf,89,20,77,0.9844961240310077,12.649420422605152,0.6324710211302575,12.649420422605152,0.6324710211302575,0.19088595428553076,0.0007820218559222175,0.007727309738582187,0.0267637506964989,200.33394034121932,4003.774742334714,0.9990480682227135,0.9999523257759915,0.0,77,inf,inf,inf,inf,inf,820.3546477658032,74.07071399917196,-9.061149649618295,77,1.0,0.9524815747175658,0.9999999999999999
unweighted_source_cp,matr,hust,random_forest,100,456,0.9,unweighted,89,20,77,,20.0,1.0,20.0,1.0,20.0,1.0,1.0,1.0,1.0,1.0,0.047619047619047616,0.047619047619047616,1.0,0,269.6774275557136,539.3548551114274,539.3548551114272,539.3548551114272,13633.875165650461,923.0466942902856,88.21279475189966,-11.59030225626119,1,0.012987012987012988,0.002296217297124044,0.06996198914680521
importance_weighted_source_cp,matr,hust,random_forest,100,456,0.9,5,89,20,77,0.9844961240310077,20.000000000000004,1.0000000000000002,12.649420422605152,0.6324710211302575,4.000000000000001,0.2,0.2,0.2,5.0,5.0,0.5555555555555556,0.5555555555555556,0.0,77,inf,inf,inf,inf,inf,923.0466942902856,88.21279475189966,-11.59030225626119,77,1.0,0.9524815747175658,0.9999999999999999
importance_weighted_source_cp,matr,hust,random_forest,100,456,0.9,10,89,20,77,0.9844961240310077,20.000000000000004,1.0000000000000002,12.649420422605152,0.6324710211302575,2.0000000000000004,0.1,0.1,0.1,10.0,10.0,0.8333333333333334,0.8333333333333334,0.0,77,inf,inf,inf,inf,inf,923.0466942902856,88.21279475189966,-11.59030225626119,77,1.0,0.9524815747175658,0.9999999999999999
importance_weighted_source_cp,matr,hust,random_forest,100,456,0.9,20,89,20,77,0.9844961240310077,20.000000000000004,1.0000000000000002,12.649420422605152,0.6324710211302575,1.0000000000000002,0.05,0.05,0.05,20.0,20.0,0.9523809523809523,0.9523809523809523,0.0,77,inf,inf,inf,inf,inf,923.0466942902856,88.21279475189966,-11.59030225626119,77,1.0,0.9524815747175658,0.9999999999999999
importance_weighted_source_cp,matr,hust,random_forest,100,456,0.9,inf,89,20,77,0.9844961240310077,12.649420422605152,0.6324710211302575,12.649420422605152,0.6324710211302575,0.19088595428553076,0.0007820218559222175,0.007727309738582187,0.0267637506964989,200.33394034121932,4003.774742334714,0.9990480682227135,0.9999523257759915,0.0,77,inf,inf,inf,inf,inf,923.0466942902856,88.21279475189966,-11.59030225626119,77,1.0,0.9524815747175658,0.9999999999999999
unweighted_source_cp,matr,hust,random_forest,100,456,0.95,unweighted,89,20,77,,20.0,1.0,20.0,1.0,20.0,1.0,1.0,1.0,1.0,1.0,0.047619047619047616,0.047619047619047616,1.0,0,331.75556486357993,663.5111297271596,663.5111297271599,663.5111297271599,24421.39025428645,923.0466942902856,88.21279475189966,-11.59030225626119,2,0.025974025974025976,0.007152159807893181,0.08984582779753131
importance_weighted_source_cp,matr,hust,random_forest,100,456,0.95,5,89,20,77,0.9844961240310077,20.000000000000004,1.0000000000000002,12.649420422605152,0.6324710211302575,4.000000000000001,0.2,0.2,0.2,5.0,5.0,0.5555555555555556,0.5555555555555556,0.0,77,inf,inf,inf,inf,inf,923.0466942902856,88.21279475189966,-11.59030225626119,77,1.0,0.9524815747175658,0.9999999999999999
importance_weighted_source_cp,matr,hust,random_forest,100,456,0.95,10,89,20,77,0.9844961240310077,20.000000000000004,1.0000000000000002,12.649420422605152,0.6324710211302575,2.0000000000000004,0.1,0.1,0.1,10.0,10.0,0.8333333333333334,0.8333333333333334,0.0,77,inf,inf,inf,inf,inf,923.0466942902856,88.21279475189966,-11.59030225626119,77,1.0,0.9524815747175658,0.9999999999999999
importance_weighted_source_cp,matr,hust,random_forest,100,456,0.95,20,89,20,77,0.9844961240310077,20.000000000000004,1.0000000000000002,12.649420422605152,0.6324710211302575,1.0000000000000002,0.05,0.05,0.05,20.0,20.0,0.9523809523809523,0.9523809523809523,0.0,77,inf,inf,inf,inf,inf,923.0466942902856,88.21279475189966,-11.59030225626119,77,1.0,0.9524815747175658,0.9999999999999999
importance_weighted_source_cp,matr,hust,random_forest,100,456,0.95,inf,89,20,77,0.9844961240310077,12.649420422605152,0.6324710211302575,12.649420422605152,0.6324710211302575,0.19088595428553076,0.0007820218559222175,0.007727309738582187,0.0267637506964989,200.33394034121932,4003.774742334714,0.9990480682227135,0.9999523257759915,0.0,77,inf,inf,inf,inf,inf,923.0466942902856,88.21279475189966,-11.59030225626119,77,1.0,0.9524815747175658,0.9999999999999999
unweighted_source_cp,matr,hust,catboost,100,789,0.9,unweighted,89,20,77,,20.0,1.0,20.0,1.0,20.0,1.0,1.0,1.0,1.0,1.0,0.047619047619047616,0.047619047619047616,1.0,0,747.1278620366728,1494.2557240733456,1494.2557240733456,1494.2557240733456,4797.879570230738,823.140748576232,74.5736023236598,-9.144885342560064,30,0.38961038961038963,0.2884225290640652,0.5012893310632254
importance_weighted_source_cp,matr,hust,catboost,100,789,0.9,5,89,20,77,1.0,20.000000000000004,1.0000000000000002,10.542346929927104,0.5271173464963552,4.000000000000001,0.2,0.2,0.2,5.0,5.0,0.5555555555555556,0.5555555555555556,0.0,77,inf,inf,inf,inf,inf,823.140748576232,74.5736023236598,-9.144885342560064,77,1.0,0.9524815747175658,0.9999999999999999
importance_weighted_source_cp,matr,hust,catboost,100,789,0.9,10,89,20,77,1.0,20.000000000000004,1.0000000000000002,10.542346929927104,0.5271173464963552,2.0000000000000004,0.1,0.1,0.1,10.0,10.0,0.8333333333333334,0.8333333333333334,0.0,77,inf,inf,inf,inf,inf,823.140748576232,74.5736023236598,-9.144885342560064,77,1.0,0.9524815747175658,0.9999999999999999
importance_weighted_source_cp,matr,hust,catboost,100,789,0.9,20,89,20,77,1.0,19.998762140334282,0.9999381070167142,10.542346929927104,0.5271173464963552,1.0018081810857002,0.05,0.05,0.051808181085700046,20.0,20.0,0.9522989557638217,0.9522989557638217,0.0,77,inf,inf,inf,inf,inf,823.140748576232,74.5736023236598,-9.144885342560064,77,1.0,0.9524815747175658,0.9999999999999999
importance_weighted_source_cp,matr,hust,catboost,100,789,0.9,inf,89,20,77,1.0,10.542346929927104,0.5271173464963552,10.542346929927104,0.5271173464963552,0.24280603369314493,0.000998457293481732,0.008327015478023904,0.051808181085700046,197.29842786047664,4275.179139074093,0.9987708589801397,0.9999432088722913,0.0,77,inf,inf,inf,inf,inf,823.140748576232,74.5736023236598,-9.144885342560064,77,1.0,0.9524815747175658,0.9999999999999999
unweighted_source_cp,matr,hust,catboost,100,789,0.95,unweighted,89,20,77,,20.0,1.0,20.0,1.0,20.0,1.0,1.0,1.0,1.0,1.0,0.047619047619047616,0.047619047619047616,1.0,0,855.2457829091666,1710.491565818333,1710.4915658183331,1710.4915658183331,5917.194453958782,823.140748576232,74.5736023236598,-9.144885342560064,39,0.5064935064935064,0.39720009365287134,0.6151697969278761
importance_weighted_source_cp,matr,hust,catboost,100,789,0.95,5,89,20,77,1.0,20.000000000000004,1.0000000000000002,10.542346929927104,0.5271173464963552,4.000000000000001,0.2,0.2,0.2,5.0,5.0,0.5555555555555556,0.5555555555555556,0.0,77,inf,inf,inf,inf,inf,823.140748576232,74.5736023236598,-9.144885342560064,77,1.0,0.9524815747175658,0.9999999999999999
importance_weighted_source_cp,matr,hust,catboost,100,789,0.95,10,89,20,77,1.0,20.000000000000004,1.0000000000000002,10.542346929927104,0.5271173464963552,2.0000000000000004,0.1,0.1,0.1,10.0,10.0,0.8333333333333334,0.8333333333333334,0.0,77,inf,inf,inf,inf,inf,823.140748576232,74.5736023236598,-9.144885342560064,77,1.0,0.9524815747175658,0.9999999999999999
importance_weighted_source_cp,matr,hust,catboost,100,789,0.95,20,89,20,77,1.0,19.998762140334282,0.9999381070167142,10.542346929927104,0.5271173464963552,1.0018081810857002,0.05,0.05,0.051808181085700046,20.0,20.0,0.9522989557638217,0.9522989557638217,0.0,77,inf,inf,inf,inf,inf,823.140748576232,74.5736023236598,-9.144885342560064,77,1.0,0.9524815747175658,0.9999999999999999
importance_weighted_source_cp,matr,hust,catboost,100,789,0.95,inf,89,20,77,1.0,10.542346929927104,0.5271173464963552,10.542346929927104,0.5271173464963552,0.24280603369314493,0.000998457293481732,0.008327015478023904,0.051808181085700046,197.29842786047664,4275.179139074093,0.9987708589801397,0.9999432088722913,0.0,77,inf,inf,inf,inf,inf,823.140748576232,74.5736023236598,-9.144885342560064,77,1.0,0.9524815747175658,0.9999999999999999
unweighted_source_cp,matr,hust,random_forest,100,789,0.9,unweighted,89,20,77,,20.0,1.0,20.0,1.0,20.0,1.0,1.0,1.0,1.0,1.0,0.047619047619047616,0.047619047619047616,1.0,0,738.6559627865417,1477.3119255730837,1477.3119255730835,1477.3119255730835,5707.341506883961,891.3049768476958,83.48972826662472,-10.636590976119969,25,0.3246753246753247,0.23059379328779073,0.4354191610320237
importance_weighted_source_cp,matr,hust,random_forest,100,789,0.9,5,89,20,77,1.0,20.000000000000004,1.0000000000000002,10.542346929927104,0.5271173464963552,4.000000000000001,0.2,0.2,0.2,5.0,5.0,0.5555555555555556,0.5555555555555556,0.0,77,inf,inf,inf,inf,inf,891.3049768476958,83.48972826662472,-10.636590976119969,77,1.0,0.9524815747175658,0.9999999999999999
importance_weighted_source_cp,matr,hust,random_forest,100,789,0.9,10,89,20,77,1.0,20.000000000000004,1.0000000000000002,10.542346929927104,0.5271173464963552,2.0000000000000004,0.1,0.1,0.1,10.0,10.0,0.8333333333333334,0.8333333333333334,0.0,77,inf,inf,inf,inf,inf,891.3049768476958,83.48972826662472,-10.636590976119969,77,1.0,0.9524815747175658,0.9999999999999999
importance_weighted_source_cp,matr,hust,random_forest,100,789,0.9,20,89,20,77,1.0,19.998762140334282,0.9999381070167142,10.542346929927104,0.5271173464963552,1.0018081810857002,0.05,0.05,0.051808181085700046,20.0,20.0,0.9522989557638217,0.9522989557638217,0.0,77,inf,inf,inf,inf,inf,891.3049768476958,83.48972826662472,-10.636590976119969,77,1.0,0.9524815747175658,0.9999999999999999
importance_weighted_source_cp,matr,hust,random_forest,100,789,0.9,inf,89,20,77,1.0,10.542346929927104,0.5271173464963552,10.542346929927104,0.5271173464963552,0.24280603369314493,0.000998457293481732,0.008327015478023904,0.051808181085700046,197.29842786047664,4275.179139074093,0.9987708589801397,0.9999432088722913,0.0,77,inf,inf,inf,inf,inf,891.3049768476958,83.48972826662472,-10.636590976119969,77,1.0,0.9524815747175658,0.9999999999999999
unweighted_source_cp,matr,hust,random_forest,100,789,0.95,unweighted,89,20,77,,20.0,1.0,20.0,1.0,20.0,1.0,1.0,1.0,1.0,1.0,0.047619047619047616,0.047619047619047616,1.0,0,873.0698031130174,1746.1396062260349,1746.1396062260349,1746.1396062260349,6869.288466534431,891.3049768476958,83.48972826662472,-10.636590976119969,35,0.45454545454545453,0.3481416088677176,0.5652691570670489
importance_weighted_source_cp,matr,hust,random_forest,100,789,0.95,5,89,20,77,1.0,20.000000000000004,1.0000000000000002,10.542346929927104,0.5271173464963552,4.000000000000001,0.2,0.2,0.2,5.0,5.0,0.5555555555555556,0.5555555555555556,0.0,77,inf,inf,inf,inf,inf,891.3049768476958,83.48972826662472,-10.636590976119969,77,1.0,0.9524815747175658,0.9999999999999999
importance_weighted_source_cp,matr,hust,random_forest,100,789,0.95,10,89,20,77,1.0,20.000000000000004,1.0000000000000002,10.542346929927104,0.5271173464963552,2.0000000000000004,0.1,0.1,0.1,10.0,10.0,0.8333333333333334,0.8333333333333334,0.0,77,inf,inf,inf,inf,inf,891.3049768476958,83.48972826662472,-10.636590976119969,77,1.0,0.9524815747175658,0.9999999999999999
importance_weighted_source_cp,matr,hust,random_forest,100,789,0.95,20,89,20,77,1.0,19.998762140334282,0.9999381070167142,10.542346929927104,0.5271173464963552,1.0018081810857002,0.05,0.05,0.051808181085700046,20.0,20.0,0.9522989557638217,0.9522989557638217,0.0,77,inf,inf,inf,inf,inf,891.3049768476958,83.48972826662472,-10.636590976119969,77,1.0,0.9524815747175658,0.9999999999999999
importance_weighted_source_cp,matr,hust,random_forest,100,789,0.95,inf,89,20,77,1.0,10.542346929927104,0.5271173464963552,10.542346929927104,0.5271173464963552,0.24280603369314493,0.000998457293481732,0.008327015478023904,0.051808181085700046,197.29842786047664,4275.179139074093,0.9987708589801397,0.9999432088722913,0.0,77,inf,inf,inf,inf,inf,891.3049768476958,83.48972826662472,-10.636590976119969,77,1.0,0.9524815747175658,0.9999999999999999
unweighted_source_cp,matr,hust,catboost,100,1011,0.9,unweighted,89,20,77,,20.0,1.0,20.0,1.0,20.0,1.0,1.0,1.0,1.0,1.0,0.047619047619047616,0.047619047619047616,1.0,0,366.44926543179713,732.8985308635945,732.8985308635943,732.8985308635943,10727.907251548706,862.0466023480338,79.59836127145806,-10.059274067200578,2,0.025974025974025976,0.007152159807893181,0.08984582779753131
importance_weighted_source_cp,matr,hust,catboost,100,1011,0.9,5,89,20,77,0.9837914023960536,20.000000000000004,1.0000000000000002,8.277564239955407,0.4138782119977703,4.000000000000001,0.2,0.2,0.2,5.0,5.0,0.5555555555555556,0.5555555555555556,0.0,77,inf,inf,inf,inf,inf,862.0466023480338,79.59836127145806,-10.059274067200578,77,1.0,0.9524815747175658,0.9999999999999999
importance_weighted_source_cp,matr,hust,catboost,100,1011,0.9,10,89,20,77,0.9837914023960536,20.000000000000004,1.0000000000000002,8.277564239955407,0.4138782119977703,2.0000000000000004,0.1,0.1,0.1,10.0,10.0,0.8333333333333334,0.8333333333333334,0.0,77,inf,inf,inf,inf,inf,862.0466023480338,79.59836127145806,-10.059274067200578,77,1.0,0.9524815747175658,0.9999999999999999
importance_weighted_source_cp,matr,hust,catboost,100,1011,0.9,20,89,20,77,0.9837914023960536,19.722678299124652,0.9861339149562326,8.277564239955407,0.4138782119977703,1.0315529915143895,0.05,0.05,0.07802605827288714,20.0,20.0,0.9509521245563468,0.9509521245563468,0.0,77,inf,inf,inf,inf,inf,862.0466023480338,79.59836127145806,-10.059274067200578,77,1.0,0.9524815747175658,0.9999999999999999
importance_weighted_source_cp,matr,hust,catboost,100,1011,0.9,inf,89,20,77,0.9837914023960536,8.277564239955407,0.4138782119977703,8.277564239955407,0.4138782119977703,0.30413411934131535,0.0026910313408489285,0.009363892969986179,0.07802605827288714,192.8783260096656,4391.42628315542,0.9984256639079023,0.9999307484543803,0.0,77,inf,inf,inf,inf,inf,862.0466023480338,79.59836127145806,-10.059274067200578,77,1.0,0.9524815747175658,0.9999999999999999
unweighted_source_cp,matr,hust,catboost,100,1011,0.95,unweighted,89,20,77,,20.0,1.0,20.0,1.0,20.0,1.0,1.0,1.0,1.0,1.0,0.047619047619047616,0.047619047619047616,1.0,0,599.163344462017,1198.3266889240338,1198.326688924034,1198.326688924034,13170.962155045157,862.0466023480338,79.59836127145806,-10.059274067200578,17,0.22077922077922077,0.14266403041098702,0.3254306746168657
importance_weighted_source_cp,matr,hust,catboost,100,1011,0.95,5,89,20,77,0.9837914023960536,20.000000000000004,1.0000000000000002,8.277564239955407,0.4138782119977703,4.000000000000001,0.2,0.2,0.2,5.0,5.0,0.5555555555555556,0.5555555555555556,0.0,77,inf,inf,inf,inf,inf,862.0466023480338,79.59836127145806,-10.059274067200578,77,1.0,0.9524815747175658,0.9999999999999999
importance_weighted_source_cp,matr,hust,catboost,100,1011,0.95,10,89,20,77,0.9837914023960536,20.000000000000004,1.0000000000000002,8.277564239955407,0.4138782119977703,2.0000000000000004,0.1,0.1,0.1,10.0,10.0,0.8333333333333334,0.8333333333333334,0.0,77,inf,inf,inf,inf,inf,862.0466023480338,79.59836127145806,-10.059274067200578,77,1.0,0.9524815747175658,0.9999999999999999
importance_weighted_source_cp,matr,hust,catboost,100,1011,0.95,20,89,20,77,0.9837914023960536,19.722678299124652,0.9861339149562326,8.277564239955407,0.4138782119977703,1.0315529915143895,0.05,0.05,0.07802605827288714,20.0,20.0,0.9509521245563468,0.9509521245563468,0.0,77,inf,inf,inf,inf,inf,862.0466023480338,79.59836127145806,-10.059274067200578,77,1.0,0.9524815747175658,0.9999999999999999
importance_weighted_source_cp,matr,hust,catboost,100,1011,0.95,inf,89,20,77,0.9837914023960536,8.277564239955407,0.4138782119977703,8.277564239955407,0.4138782119977703,0.30413411934131535,0.0026910313408489285,0.009363892969986179,0.07802605827288714,192.8783260096656,4391.42628315542,0.9984256639079023,0.9999307484543803,0.0,77,inf,inf,inf,inf,inf,862.0466023480338,79.59836127145806,-10.059274067200578,77,1.0,0.9524815747175658,0.9999999999999999
unweighted_source_cp,matr,hust,random_forest,100,1011,0.9,unweighted,89,20,77,,20.0,1.0,20.0,1.0,20.0,1.0,1.0,1.0,1.0,1.0,0.047619047619047616,0.047619047619047616,1.0,0,325.90286113521756,651.8057222704352,651.8057222704351,651.8057222704351,9599.283738701195,746.7832656343911,66.77098981186394,-8.205339003964143,16,0.2077922077922078,0.13215077794236726,0.31120414592399026
importance_weighted_source_cp,matr,hust,random_forest,100,1011,0.9,5,89,20,77,0.9837914023960536,20.000000000000004,1.0000000000000002,8.277564239955407,0.4138782119977703,4.000000000000001,0.2,0.2,0.2,5.0,5.0,0.5555555555555556,0.5555555555555556,0.0,77,inf,inf,inf,inf,inf,746.7832656343911,66.77098981186394,-8.205339003964143,77,1.0,0.9524815747175658,0.9999999999999999
importance_weighted_source_cp,matr,hust,random_forest,100,1011,0.9,10,89,20,77,0.9837914023960536,20.000000000000004,1.0000000000000002,8.277564239955407,0.4138782119977703,2.0000000000000004,0.1,0.1,0.1,10.0,10.0,0.8333333333333334,0.8333333333333334,0.0,77,inf,inf,inf,inf,inf,746.7832656343911,66.77098981186394,-8.205339003964143,77,1.0,0.9524815747175658,0.9999999999999999
importance_weighted_source_cp,matr,hust,random_forest,100,1011,0.9,20,89,20,77,0.9837914023960536,19.722678299124652,0.9861339149562326,8.277564239955407,0.4138782119977703,1.0315529915143895,0.05,0.05,0.07802605827288714,20.0,20.0,0.9509521245563468,0.9509521245563468,0.0,77,inf,inf,inf,inf,inf,746.7832656343911,66.77098981186394,-8.205339003964143,77,1.0,0.9524815747175658,0.9999999999999999
importance_weighted_source_cp,matr,hust,random_forest,100,1011,0.9,inf,89,20,77,0.9837914023960536,8.277564239955407,0.4138782119977703,8.277564239955407,0.4138782119977703,0.30413411934131535,0.0026910313408489285,0.009363892969986179,0.07802605827288714,192.8783260096656,4391.42628315542,0.9984256639079023,0.9999307484543803,0.0,77,inf,inf,inf,inf,inf,746.7832656343911,66.77098981186394,-8.205339003964143,77,1.0,0.9524815747175658,0.9999999999999999
unweighted_source_cp,matr,hust,random_forest,100,1011,0.95,unweighted,89,20,77,,20.0,1.0,20.0,1.0,20.0,1.0,1.0,1.0,1.0,1.0,0.047619047619047616,0.047619047619047616,1.0,0,476.86535987366324,953.7307197473266,953.7307197473265,953.7307197473265,14278.422142143972,746.7832656343911,66.77098981186394,-8.205339003964143,22,0.2857142857142857,0.1968951815913284,0.39489842924400037
importance_weighted_source_cp,matr,hust,random_forest,100,1011,0.95,5,89,20,77,0.9837914023960536,20.000000000000004,1.0000000000000002,8.277564239955407,0.4138782119977703,4.000000000000001,0.2,0.2,0.2,5.0,5.0,0.5555555555555556,0.5555555555555556,0.0,77,inf,inf,inf,inf,inf,746.7832656343911,66.77098981186394,-8.205339003964143,77,1.0,0.9524815747175658,0.9999999999999999
importance_weighted_source_cp,matr,hust,random_forest,100,1011,0.95,10,89,20,77,0.9837914023960536,20.000000000000004,1.0000000000000002,8.277564239955407,0.4138782119977703,2.0000000000000004,0.1,0.1,0.1,10.0,10.0,0.8333333333333334,0.8333333333333334,0.0,77,inf,inf,inf,inf,inf,746.7832656343911,66.77098981186394,-8.205339003964143,77,1.0,0.9524815747175658,0.9999999999999999
importance_weighted_source_cp,matr,hust,random_forest,100,1011,0.95,20,89,20,77,0.9837914023960536,19.722678299124652,0.9861339149562326,8.277564239955407,0.4138782119977703,1.0315529915143895,0.05,0.05,0.07802605827288714,20.0,20.0,0.9509521245563468,0.9509521245563468,0.0,77,inf,inf,inf,inf,inf,746.7832656343911,66.77098981186394,-8.205339003964143,77,1.0,0.9524815747175658,0.9999999999999999
importance_weighted_source_cp,matr,hust,random_forest,100,1011,0.95,inf,89,20,77,0.9837914023960536,8.277564239955407,0.4138782119977703,8.277564239955407,0.4138782119977703,0.30413411934131535,0.0026910313408489285,0.009363892969986179,0.07802605827288714,192.8783260096656,4391.42628315542,0.9984256639079023,0.9999307484543803,0.0,77,inf,inf,inf,inf,inf,746.7832656343911,66.77098981186394,-8.205339003964143,77,1.0,0.9524815747175658,0.9999999999999999
unweighted_source_cp,hust,matr,catboost,100,42,0.9,unweighted,53,12,129,,12.0,1.0,12.0,1.0,12.0,1.0,1.0,1.0,1.0,1.0,0.07692307692307693,0.07692307692307693,1.0,0,743.5675084237841,1487.1350168475683,1487.1350168475683,1487.1350168475683,2829.858276578085,643.6930903872749,64.84844507567684,-2.730159630931526,78,0.6046511627906976,0.5184271757542699,0.6848226247198718
importance_weighted_source_cp,hust,matr,catboost,100,42,0.9,5,53,12,129,0.9998993254807208,11.999999999999998,0.9999999999999999,5.678767965322189,0.4732306637768491,2.4000000000000004,0.2,0.2,0.2,5.0,5.0,0.6756756756756757,0.6756756756756757,0.007751937984496124,128,743.5675084237841,inf,inf,1487.1350168475685,inf,643.6930903872749,64.84844507567684,-2.730159630931526,128,0.9922480620155039,0.9573965598582397,0.9986302794090196
importance_weighted_source_cp,hust,matr,catboost,100,42,0.9,10,53,12,129,0.9998993254807208,11.999999999999998,0.9999999999999999,5.678767965322189,0.4732306637768491,1.2000000000000002,0.1,0.1,0.1,10.0,10.0,0.8928571428571429,0.8928571428571429,0.007751937984496124,128,743.5675084237841,inf,inf,1487.1350168475685,inf,643.6930903872749,64.84844507567684,-2.730159630931526,128,0.9922480620155039,0.9573965598582397,0.9986302794090196
importance_weighted_source_cp,hust,matr,catboost,100,42,0.9,20,53,12,129,0.9998993254807208,11.999999999999998,0.9999999999999999,5.678767965322189,0.4732306637768491,0.6000000000000001,0.05,0.05,0.05,20.0,20.0,0.9708737864077669,0.9708737864077669,0.007751937984496124,128,743.5675084237841,inf,inf,1487.1350168475685,inf,643.6930903872749,64.84844507567684,-2.730159630931526,128,0.9922480620155039,0.9573965598582397,0.9986302794090196
importance_weighted_source_cp,hust,matr,catboost,100,42,0.9,inf,53,12,129,0.9998993254807208,5.678767965322189,0.4732306637768491,5.678767965322189,0.4732306637768491,0.05070335838481719,0.0003082357204514779,0.0034453892709908063,0.017144549912547602,114.67248480920344,2076.2029206636953,0.999558037401203,0.999975579400417,0.0,129,inf,inf,inf,inf,inf,643.6930903872749,64.84844507567684,-2.730159630931526,129,1.0,0.9710823800431218,0.9999999999999999
unweighted_source_cp,hust,matr,catboost,100,42,0.95,unweighted,53,12,129,,12.0,1.0,12.0,1.0,12.0,1.0,1.0,1.0,1.0,1.0,0.07692307692307693,0.07692307692307693,0.0,129,inf,inf,inf,inf,inf,643.6930903872749,64.84844507567684,-2.730159630931526,129,1.0,0.9710823800431218,0.9999999999999999
importance_weighted_source_cp,hust,matr,catboost,100,42,0.95,5,53,12,129,0.9998993254807208,11.999999999999998,0.9999999999999999,5.678767965322189,0.4732306637768491,2.4000000000000004,0.2,0.2,0.2,5.0,5.0,0.6756756756756757,0.6756756756756757,0.0,129,inf,inf,inf,inf,inf,643.6930903872749,64.84844507567684,-2.730159630931526,129,1.0,0.9710823800431218,0.9999999999999999
importance_weighted_source_cp,hust,matr,catboost,100,42,0.95,10,53,12,129,0.9998993254807208,11.999999999999998,0.9999999999999999,5.678767965322189,0.4732306637768491,1.2000000000000002,0.1,0.1,0.1,10.0,10.0,0.8928571428571429,0.8928571428571429,0.0,129,inf,inf,inf,inf,inf,643.6930903872749,64.84844507567684,-2.730159630931526,129,1.0,0.9710823800431218,0.9999999999999999
importance_weighted_source_cp,hust,matr,catboost,100,42,0.95,20,53,12,129,0.9998993254807208,11.999999999999998,0.9999999999999999,5.678767965322189,0.4732306637768491,0.6000000000000001,0.05,0.05,0.05,20.0,20.0,0.9708737864077669,0.9708737864077669,0.0,129,inf,inf,inf,inf,inf,643.6930903872749,64.84844507567684,-2.730159630931526,129,1.0,0.9710823800431218,0.9999999999999999
importance_weighted_source_cp,hust,matr,catboost,100,42,0.95,inf,53,12,129,0.9998993254807208,5.678767965322189,0.4732306637768491,5.678767965322189,0.4732306637768491,0.05070335838481719,0.0003082357204514779,0.0034453892709908063,0.017144549912547602,114.67248480920344,2076.2029206636953,0.999558037401203,0.999975579400417,0.0,129,inf,inf,inf,inf,inf,643.6930903872749,64.84844507567684,-2.730159630931526,129,1.0,0.9710823800431218,0.9999999999999999
unweighted_source_cp,hust,matr,random_forest,100,42,0.9,unweighted,53,12,129,,12.0,1.0,12.0,1.0,12.0,1.0,1.0,1.0,1.0,1.0,0.07692307692307693,0.07692307692307693,1.0,0,675.5863701052708,1351.1727402105416,1351.1727402105416,1351.1727402105416,2527.1591043052736,567.5754383122772,59.9674738157531,-1.9669403728562416,79,0.6124031007751938,0.5262393914856138,0.6920659497643902
importance_weighted_source_cp,hust,matr,random_forest,100,42,0.9,5,53,12,129,0.9998993254807208,11.999999999999998,0.9999999999999999,5.678767965322189,0.4732306637768491,2.4000000000000004,0.2,0.2,0.2,5.0,5.0,0.6756756756756757,0.6756756756756757,0.007751937984496124,128,675.5863701052708,inf,inf,1351.1727402105416,inf,567.5754383122772,59.9674738157531,-1.9669403728562416,128,0.9922480620155039,0.9573965598582397,0.9986302794090196
importance_weighted_source_cp,hust,matr,random_forest,100,42,0.9,10,53,12,129,0.9998993254807208,11.999999999999998,0.9999999999999999,5.678767965322189,0.4732306637768491,1.2000000000000002,0.1,0.1,0.1,10.0,10.0,0.8928571428571429,0.8928571428571429,0.007751937984496124,128,675.5863701052708,inf,inf,1351.1727402105416,inf,567.5754383122772,59.9674738157531,-1.9669403728562416,128,0.9922480620155039,0.9573965598582397,0.9986302794090196
importance_weighted_source_cp,hust,matr,random_forest,100,42,0.9,20,53,12,129,0.9998993254807208,11.999999999999998,0.9999999999999999,5.678767965322189,0.4732306637768491,0.6000000000000001,0.05,0.05,0.05,20.0,20.0,0.9708737864077669,0.9708737864077669,0.007751937984496124,128,675.5863701052708,inf,inf,1351.1727402105416,inf,567.5754383122772,59.9674738157531,-1.9669403728562416,128,0.9922480620155039,0.9573965598582397,0.9986302794090196
importance_weighted_source_cp,hust,matr,random_forest,100,42,0.9,inf,53,12,129,0.9998993254807208,5.678767965322189,0.4732306637768491,5.678767965322189,0.4732306637768491,0.05070335838481719,0.0003082357204514779,0.0034453892709908063,0.017144549912547602,114.67248480920344,2076.2029206636953,0.999558037401203,0.999975579400417,0.0,129,inf,inf,inf,inf,inf,567.5754383122772,59.9674738157531,-1.9669403728562416,129,1.0,0.9710823800431218,0.9999999999999999
unweighted_source_cp,hust,matr,random_forest,100,42,0.95,unweighted,53,12,129,,12.0,1.0,12.0,1.0,12.0,1.0,1.0,1.0,1.0,1.0,0.07692307692307693,0.07692307692307693,0.0,129,inf,inf,inf,inf,inf,567.5754383122772,59.9674738157531,-1.9669403728562416,129,1.0,0.9710823800431218,0.9999999999999999
importance_weighted_source_cp,hust,matr,random_forest,100,42,0.95,5,53,12,129,0.9998993254807208,11.999999999999998,0.9999999999999999,5.678767965322189,0.4732306637768491,2.4000000000000004,0.2,0.2,0.2,5.0,5.0,0.6756756756756757,0.6756756756756757,0.0,129,inf,inf,inf,inf,inf,567.5754383122772,59.9674738157531,-1.9669403728562416,129,1.0,0.9710823800431218,0.9999999999999999
importance_weighted_source_cp,hust,matr,random_forest,100,42,0.95,10,53,12,129,0.9998993254807208,11.999999999999998,0.9999999999999999,5.678767965322189,0.4732306637768491,1.2000000000000002,0.1,0.1,0.1,10.0,10.0,0.8928571428571429,0.8928571428571429,0.0,129,inf,inf,inf,inf,inf,567.5754383122772,59.9674738157531,-1.9669403728562416,129,1.0,0.9710823800431218,0.9999999999999999
importance_weighted_source_cp,hust,matr,random_forest,100,42,0.95,20,53,12,129,0.9998993254807208,11.999999999999998,0.9999999999999999,5.678767965322189,0.4732306637768491,0.6000000000000001,0.05,0.05,0.05,20.0,20.0,0.9708737864077669,0.9708737864077669,0.0,129,inf,inf,inf,inf,inf,567.5754383122772,59.9674738157531,-1.9669403728562416,129,1.0,0.9710823800431218,0.9999999999999999
importance_weighted_source_cp,hust,matr,random_forest,100,42,0.95,inf,53,12,129,0.9998993254807208,5.678767965322189,0.4732306637768491,5.678767965322189,0.4732306637768491,0.05070335838481719,0.0003082357204514779,0.0034453892709908063,0.017144549912547602,114.67248480920344,2076.2029206636953,0.999558037401203,0.999975579400417,0.0,129,inf,inf,inf,inf,inf,567.5754383122772,59.9674738157531,-1.9669403728562416,129,1.0,0.9710823800431218,0.9999999999999999
unweighted_source_cp,hust,matr,catboost,100,123,0.9,unweighted,53,12,129,,12.0,1.0,12.0,1.0,12.0,1.0,1.0,1.0,1.0,1.0,0.07692307692307693,0.07692307692307693,1.0,0,481.33028520245944,962.660570404919,962.6605704049189,962.6605704049189,5068.784633546077,633.5451797169911,64.13168260860046,-2.6452885636596646,35,0.2713178294573643,0.20203035452746634,0.3538311925845943
importance_weighted_source_cp,hust,matr,catboost,100,123,0.9,5,53,12,129,0.996979764421625,11.999999999999998,0.9999999999999999,8.639575397842258,0.7199646164868548,2.4000000000000004,0.2,0.2,0.2,5.0,5.0,0.6756756756756757,0.6756756756756757,0.015503875968992248,127,481.33028520245944,inf,inf,962.6605704049189,inf,633.5451797169911,64.13168260860046,-2.6452885636596646,127,0.9844961240310077,0.9452333688810886,0.9957379296103084
importance_weighted_source_cp,hust,matr,catboost,100,123,0.9,10,53,12,129,0.996979764421625,11.999999999999998,0.9999999999999999,8.639575397842258,0.7199646164868548,1.2000000000000002,0.1,0.1,0.1,10.0,10.0,0.8928571428571429,0.8928571428571429,0.007751937984496124,128,481.33028520245944,inf,inf,962.6605704049189,inf,633.5451797169911,64.13168260860046,-2.6452885636596646,128,0.9922480620155039,0.9573965598582397,0.9986302794090196
importance_weighted_source_cp,hust,matr,catboost,100,123,0.9,20,53,12,129,0.996979764421625,11.999999999999998,0.9999999999999999,8.639575397842258,0.7199646164868548,0.6000000000000001,0.05,0.05,0.05,20.0,20.0,0.9708737864077669,0.9708737864077669,0.007751937984496124,128,481.33028520245944,inf,inf,962.6605704049189,inf,633.5451797169911,64.13168260860046,-2.6452885636596646,128,0.9922480620155039,0.9573965598582397,0.9986302794090196
importance_weighted_source_cp,hust,matr,catboost,100,123,0.9,inf,53,12,129,0.996979764421625,8.639575397842258,0.7199646164868548,8.639575397842258,0.7199646164868548,0.09114237574885456,0.003775373383636111,0.0060669271870143916,0.020430216163016778,111.19492838246562,1418.4379357520174,0.9991810082328553,0.9999357486729358,0.007751937984496124,128,481.33028520245944,inf,inf,962.6605704049189,inf,633.5451797169911,64.13168260860046,-2.6452885636596646,128,0.9922480620155039,0.9573965598582397,0.9986302794090196
unweighted_source_cp,hust,matr,catboost,100,123,0.95,unweighted,53,12,129,,12.0,1.0,12.0,1.0,12.0,1.0,1.0,1.0,1.0,1.0,0.07692307692307693,0.07692307692307693,0.0,129,inf,inf,inf,inf,inf,633.5451797169911,64.13168260860046,-2.6452885636596646,129,1.0,0.9710823800431218,0.9999999999999999
importance_weighted_source_cp,hust,matr,catboost,100,123,0.95,5,53,12,129,0.996979764421625,11.999999999999998,0.9999999999999999,8.639575397842258,0.7199646164868548,2.4000000000000004,0.2,0.2,0.2,5.0,5.0,0.6756756756756757,0.6756756756756757,0.0,129,inf,inf,inf,inf,inf,633.5451797169911,64.13168260860046,-2.6452885636596646,129,1.0,0.9710823800431218,0.9999999999999999
importance_weighted_source_cp,hust,matr,catboost,100,123,0.95,10,53,12,129,0.996979764421625,11.999999999999998,0.9999999999999999,8.639575397842258,0.7199646164868548,1.2000000000000002,0.1,0.1,0.1,10.0,10.0,0.8928571428571429,0.8928571428571429,0.0,129,inf,inf,inf,inf,inf,633.5451797169911,64.13168260860046,-2.6452885636596646,129,1.0,0.9710823800431218,0.9999999999999999
importance_weighted_source_cp,hust,matr,catboost,100,123,0.95,20,53,12,129,0.996979764421625,11.999999999999998,0.9999999999999999,8.639575397842258,0.7199646164868548,0.6000000000000001,0.05,0.05,0.05,20.0,20.0,0.9708737864077669,0.9708737864077669,0.0,129,inf,inf,inf,inf,inf,633.5451797169911,64.13168260860046,-2.6452885636596646,129,1.0,0.9710823800431218,0.9999999999999999
importance_weighted_source_cp,hust,matr,catboost,100,123,0.95,inf,53,12,129,0.996979764421625,8.639575397842258,0.7199646164868548,8.639575397842258,0.7199646164868548,0.09114237574885456,0.003775373383636111,0.0060669271870143916,0.020430216163016778,111.19492838246562,1418.4379357520174,0.9991810082328553,0.9999357486729358,0.0,129,inf,inf,inf,inf,inf,633.5451797169911,64.13168260860046,-2.6452885636596646,129,1.0,0.9710823800431218,0.9999999999999999
unweighted_source_cp,hust,matr,random_forest,100,123,0.9,unweighted,53,12,129,,12.0,1.0,12.0,1.0,12.0,1.0,1.0,1.0,1.0,1.0,0.07692307692307693,0.07692307692307693,1.0,0,454.2015510734086,908.4031021468172,908.4031021468172,908.4031021468172,4856.358776992992,603.4008900096544,62.34008335398712,-2.2909099146970715,37,0.2868217054263566,0.21582902965324352,0.3701435990105418
importance_weighted_source_cp,hust,matr,random_forest,100,123,0.9,5,53,12,129,0.996979764421625,11.999999999999998,0.9999999999999999,8.639575397842258,0.7199646164868548,2.4000000000000004,0.2,0.2,0.2,5.0,5.0,0.6756756756756757,0.6756756756756757,0.015503875968992248,127,454.2015510734086,inf,inf,908.4031021468172,inf,603.4008900096544,62.34008335398712,-2.2909099146970715,127,0.9844961240310077,0.9452333688810886,0.9957379296103084
importance_weighted_source_cp,hust,matr,random_forest,100,123,0.9,10,53,12,129,0.996979764421625,11.999999999999998,0.9999999999999999,8.639575397842258,0.7199646164868548,1.2000000000000002,0.1,0.1,0.1,10.0,10.0,0.8928571428571429,0.8928571428571429,0.007751937984496124,128,454.2015510734086,inf,inf,908.4031021468173,inf,603.4008900096544,62.34008335398712,-2.2909099146970715,128,0.9922480620155039,0.9573965598582397,0.9986302794090196
importance_weighted_source_cp,hust,matr,random_forest,100,123,0.9,20,53,12,129,0.996979764421625,11.999999999999998,0.9999999999999999,8.639575397842258,0.7199646164868548,0.6000000000000001,0.05,0.05,0.05,20.0,20.0,0.9708737864077669,0.9708737864077669,0.007751937984496124,128,454.2015510734086,inf,inf,908.4031021468173,inf,603.4008900096544,62.34008335398712,-2.2909099146970715,128,0.9922480620155039,0.9573965598582397,0.9986302794090196
importance_weighted_source_cp,hust,matr,random_forest,100,123,0.9,inf,53,12,129,0.996979764421625,8.639575397842258,0.7199646164868548,8.639575397842258,0.7199646164868548,0.09114237574885456,0.003775373383636111,0.0060669271870143916,0.020430216163016778,111.19492838246562,1418.4379357520174,0.9991810082328553,0.9999357486729358,0.007751937984496124,128,454.2015510734086,inf,inf,908.4031021468173,inf,603.4008900096544,62.34008335398712,-2.2909099146970715,128,0.9922480620155039,0.9573965598582397,0.9986302794090196
unweighted_source_cp,hust,matr,random_forest,100,123,0.95,unweighted,53,12,129,,12.0,1.0,12.0,1.0,12.0,1.0,1.0,1.0,1.0,1.0,0.07692307692307693,0.07692307692307693,0.0,129,inf,inf,inf,inf,inf,603.4008900096544,62.34008335398712,-2.2909099146970715,129,1.0,0.9710823800431218,0.9999999999999999
importance_weighted_source_cp,hust,matr,random_forest,100,123,0.95,5,53,12,129,0.996979764421625,11.999999999999998,0.9999999999999999,8.639575397842258,0.7199646164868548,2.4000000000000004,0.2,0.2,0.2,5.0,5.0,0.6756756756756757,0.6756756756756757,0.0,129,inf,inf,inf,inf,inf,603.4008900096544,62.34008335398712,-2.2909099146970715,129,1.0,0.9710823800431218,0.9999999999999999
importance_weighted_source_cp,hust,matr,random_forest,100,123,0.95,10,53,12,129,0.996979764421625,11.999999999999998,0.9999999999999999,8.639575397842258,0.7199646164868548,1.2000000000000002,0.1,0.1,0.1,10.0,10.0,0.8928571428571429,0.8928571428571429,0.0,129,inf,inf,inf,inf,inf,603.4008900096544,62.34008335398712,-2.2909099146970715,129,1.0,0.9710823800431218,0.9999999999999999
importance_weighted_source_cp,hust,matr,random_forest,100,123,0.95,20,53,12,129,0.996979764421625,11.999999999999998,0.9999999999999999,8.639575397842258,0.7199646164868548,0.6000000000000001,0.05,0.05,0.05,20.0,20.0,0.9708737864077669,0.9708737864077669,0.0,129,inf,inf,inf,inf,inf,603.4008900096544,62.34008335398712,-2.2909099146970715,129,1.0,0.9710823800431218,0.9999999999999999
importance_weighted_source_cp,hust,matr,random_forest,100,123,0.95,inf,53,12,129,0.996979764421625,8.639575397842258,0.7199646164868548,8.639575397842258,0.7199646164868548,0.09114237574885456,0.003775373383636111,0.0060669271870143916,0.020430216163016778,111.19492838246562,1418.4379357520174,0.9991810082328553,0.9999357486729358,0.0,129,inf,inf,inf,inf,inf,603.4008900096544,62.34008335398712,-2.2909099146970715,129,1.0,0.9710823800431218,0.9999999999999999
unweighted_source_cp,hust,matr,catboost,100,456,0.9,unweighted,53,12,129,,12.0,1.0,12.0,1.0,12.0,1.0,1.0,1.0,1.0,1.0,0.07692307692307693,0.07692307692307693,1.0,0,437.81940585016355,875.6388117003272,875.6388117003271,875.6388117003271,6302.080361533018,669.7947884893928,66.29359113882781,-3.04926739329387,25,0.1937984496124031,0.13485549675617492,0.27045064259726215
importance_weighted_source_cp,hust,matr,catboost,100,456,0.9,5,53,12,129,1.0,11.999999999999998,0.9999999999999999,6.719176311211558,0.5599313592676298,2.4000000000000004,0.2,0.2,0.2,5.0,5.0,0.6756756756756757,0.6756756756756757,0.0,129,inf,inf,inf,inf,inf,669.7947884893928,66.29359113882781,-3.04926739329387,129,1.0,0.9710823800431218,0.9999999999999999
importance_weighted_source_cp,hust,matr,catboost,100,456,0.9,10,53,12,129,1.0,11.999999999999998,0.9999999999999999,6.719176311211558,0.5599313592676298,1.2000000000000002,0.1,0.1,0.1,10.0,10.0,0.8928571428571429,0.8928571428571429,0.0,129,inf,inf,inf,inf,inf,669.7947884893928,66.29359113882781,-3.04926739329387,129,1.0,0.9710823800431218,0.9999999999999999
importance_weighted_source_cp,hust,matr,catboost,100,456,0.9,20,53,12,129,1.0,11.999999999999998,0.9999999999999999,6.719176311211558,0.5599313592676298,0.6000000000000001,0.05,0.05,0.05,20.0,20.0,0.9708737864077669,0.9708737864077669,0.0,129,inf,inf,inf,inf,inf,669.7947884893928,66.29359113882781,-3.04926739329387,129,1.0,0.9710823800431218,0.9999999999999999
importance_weighted_source_cp,hust,matr,catboost,100,456,0.9,inf,53,12,129,1.0,6.719176311211558,0.5599313592676298,6.719176311211558,0.5599313592676298,0.125650852831369,0.0008916852800405682,0.006802803229999521,0.03251662249427715,113.1431233855189,1380.6426034199803,0.9988906840947447,0.9999089993179938,0.0,129,inf,inf,inf,inf,inf,669.7947884893928,66.29359113882781,-3.04926739329387,129,1.0,0.9710823800431218,0.9999999999999999
unweighted_source_cp,hust,matr,catboost,100,456,0.95,unweighted,53,12,129,,12.0,1.0,12.0,1.0,12.0,1.0,1.0,1.0,1.0,1.0,0.07692307692307693,0.07692307692307693,0.0,129,inf,inf,inf,inf,inf,669.7947884893928,66.29359113882781,-3.04926739329387,129,1.0,0.9710823800431218,0.9999999999999999
importance_weighted_source_cp,hust,matr,catboost,100,456,0.95,5,53,12,129,1.0,11.999999999999998,0.9999999999999999,6.719176311211558,0.5599313592676298,2.4000000000000004,0.2,0.2,0.2,5.0,5.0,0.6756756756756757,0.6756756756756757,0.0,129,inf,inf,inf,inf,inf,669.7947884893928,66.29359113882781,-3.04926739329387,129,1.0,0.9710823800431218,0.9999999999999999
importance_weighted_source_cp,hust,matr,catboost,100,456,0.95,10,53,12,129,1.0,11.999999999999998,0.9999999999999999,6.719176311211558,0.5599313592676298,1.2000000000000002,0.1,0.1,0.1,10.0,10.0,0.8928571428571429,0.8928571428571429,0.0,129,inf,inf,inf,inf,inf,669.7947884893928,66.29359113882781,-3.04926739329387,129,1.0,0.9710823800431218,0.9999999999999999
importance_weighted_source_cp,hust,matr,catboost,100,456,0.95,20,53,12,129,1.0,11.999999999999998,0.9999999999999999,6.719176311211558,0.5599313592676298,0.6000000000000001,0.05,0.05,0.05,20.0,20.0,0.9708737864077669,0.9708737864077669,0.0,129,inf,inf,inf,inf,inf,669.7947884893928,66.29359113882781,-3.04926739329387,129,1.0,0.9710823800431218,0.9999999999999999
importance_weighted_source_cp,hust,matr,catboost,100,456,0.95,inf,53,12,129,1.0,6.719176311211558,0.5599313592676298,6.719176311211558,0.5599313592676298,0.125650852831369,0.0008916852800405682,0.006802803229999521,0.03251662249427715,113.1431233855189,1380.6426034199803,0.9988906840947447,0.9999089993179938,0.0,129,inf,inf,inf,inf,inf,669.7947884893928,66.29359113882781,-3.04926739329387,129,1.0,0.9710823800431218,0.9999999999999999
unweighted_source_cp,hust,matr,random_forest,100,456,0.9,unweighted,53,12,129,,12.0,1.0,12.0,1.0,12.0,1.0,1.0,1.0,1.0,1.0,0.07692307692307693,0.07692307692307693,1.0,0,405.7558529701869,811.5117059403738,811.5117059403738,811.5117059403738,5583.209052373214,607.1771061389155,62.5267034651938,-2.3476967091221717,29,0.2248062015503876,0.1613305768217049,0.30419772563518155
importance_weighted_source_cp,hust,matr,random_forest,100,456,0.9,5,53,12,129,1.0,11.999999999999998,0.9999999999999999,6.719176311211558,0.5599313592676298,2.4000000000000004,0.2,0.2,0.2,5.0,5.0,0.6756756756756757,0.6756756756756757,0.0,129,inf,inf,inf,inf,inf,607.1771061389155,62.5267034651938,-2.3476967091221717,129,1.0,0.9710823800431218,0.9999999999999999
importance_weighted_source_cp,hust,matr,random_forest,100,456,0.9,10,53,12,129,1.0,11.999999999999998,0.9999999999999999,6.719176311211558,0.5599313592676298,1.2000000000000002,0.1,0.1,0.1,10.0,10.0,0.8928571428571429,0.8928571428571429,0.0,129,inf,inf,inf,inf,inf,607.1771061389155,62.5267034651938,-2.3476967091221717,129,1.0,0.9710823800431218,0.9999999999999999
importance_weighted_source_cp,hust,matr,random_forest,100,456,0.9,20,53,12,129,1.0,11.999999999999998,0.9999999999999999,6.719176311211558,0.5599313592676298,0.6000000000000001,0.05,0.05,0.05,20.0,20.0,0.9708737864077669,0.9708737864077669,0.0,129,inf,inf,inf,inf,inf,607.1771061389155,62.5267034651938,-2.3476967091221717,129,1.0,0.9710823800431218,0.9999999999999999
importance_weighted_source_cp,hust,matr,random_forest,100,456,0.9,inf,53,12,129,1.0,6.719176311211558,0.5599313592676298,6.719176311211558,0.5599313592676298,0.125650852831369,0.0008916852800405682,0.006802803229999521,0.03251662249427715,113.1431233855189,1380.6426034199803,0.9988906840947447,0.9999089993179938,0.0,129,inf,inf,inf,inf,inf,607.1771061389155,62.5267034651938,-2.3476967091221717,129,1.0,0.9710823800431218,0.9999999999999999
unweighted_source_cp,hust,matr,random_forest,100,456,0.95,unweighted,53,12,129,,12.0,1.0,12.0,1.0,12.0,1.0,1.0,1.0,1.0,1.0,0.07692307692307693,0.07692307692307693,0.0,129,inf,inf,inf,inf,inf,607.1771061389155,62.5267034651938,-2.3476967091221717,129,1.0,0.9710823800431218,0.9999999999999999
importance_weighted_source_cp,hust,matr,random_forest,100,456,0.95,5,53,12,129,1.0,11.999999999999998,0.9999999999999999,6.719176311211558,0.5599313592676298,2.4000000000000004,0.2,0.2,0.2,5.0,5.0,0.6756756756756757,0.6756756756756757,0.0,129,inf,inf,inf,inf,inf,607.1771061389155,62.5267034651938,-2.3476967091221717,129,1.0,0.9710823800431218,0.9999999999999999
importance_weighted_source_cp,hust,matr,random_forest,100,456,0.95,10,53,12,129,1.0,11.999999999999998,0.9999999999999999,6.719176311211558,0.5599313592676298,1.2000000000000002,0.1,0.1,0.1,10.0,10.0,0.8928571428571429,0.8928571428571429,0.0,129,inf,inf,inf,inf,inf,607.1771061389155,62.5267034651938,-2.3476967091221717,129,1.0,0.9710823800431218,0.9999999999999999
importance_weighted_source_cp,hust,matr,random_forest,100,456,0.95,20,53,12,129,1.0,11.999999999999998,0.9999999999999999,6.719176311211558,0.5599313592676298,0.6000000000000001,0.05,0.05,0.05,20.0,20.0,0.9708737864077669,0.9708737864077669,0.0,129,inf,inf,inf,inf,inf,607.1771061389155,62.5267034651938,-2.3476967091221717,129,1.0,0.9710823800431218,0.9999999999999999
importance_weighted_source_cp,hust,matr,random_forest,100,456,0.95,inf,53,12,129,1.0,6.719176311211558,0.5599313592676298,6.719176311211558,0.5599313592676298,0.125650852831369,0.0008916852800405682,0.006802803229999521,0.03251662249427715,113.1431233855189,1380.6426034199803,0.9988906840947447,0.9999089993179938,0.0,129,inf,inf,inf,inf,inf,607.1771061389155,62.5267034651938,-2.3476967091221717,129,1.0,0.9710823800431218,0.9999999999999999
unweighted_source_cp,hust,matr,catboost,100,789,0.9,unweighted,53,12,129,,12.0,1.0,12.0,1.0,12.0,1.0,1.0,1.0,1.0,1.0,0.07692307692307693,0.07692307692307693,1.0,0,330.24371981344916,660.4874396268983,660.4874396268983,660.4874396268983,8637.264413646268,712.7868746528695,68.90916639398768,-3.510479406893281,17,0.13178294573643412,0.0839328443322929,0.20092896881424535
importance_weighted_source_cp,hust,matr,catboost,100,789,0.9,5,53,12,129,0.9836907278767744,11.999999999999998,0.9999999999999999,5.711813804058302,0.4759844836715252,2.4000000000000004,0.2,0.2,0.2,5.0,5.0,0.6756756756756757,0.6756756756756757,0.023255813953488372,126,330.24371981344916,inf,inf,660.4874396268983,inf,712.7868746528695,68.90916639398768,-3.510479406893281,127,0.9844961240310077,0.9452333688810886,0.9957379296103084
importance_weighted_source_cp,hust,matr,catboost,100,789,0.9,10,53,12,129,0.9836907278767744,11.999999999999998,0.9999999999999999,5.711813804058302,0.4759844836715252,1.2000000000000002,0.1,0.1,0.1,10.0,10.0,0.8928571428571429,0.8928571428571429,0.023255813953488372,126,330.24371981344916,inf,inf,660.4874396268983,inf,712.7868746528695,68.90916639398768,-3.510479406893281,127,0.9844961240310077,0.9452333688810886,0.9957379296103084
importance_weighted_source_cp,hust,matr,catboost,100,789,0.9,20,53,12,129,0.9836907278767744,11.999999999999998,0.9999999999999999,5.711813804058302,0.4759844836715252,0.6000000000000001,0.05,0.05,0.05,20.0,20.0,0.9708737864077669,0.9708737864077669,0.023255813953488372,126,330.24371981344916,inf,inf,660.4874396268983,inf,712.7868746528695,68.90916639398768,-3.510479406893281,127,0.9844961240310077,0.9452333688810886,0.9957379296103084
importance_weighted_source_cp,hust,matr,catboost,100,789,0.9,inf,53,12,129,0.9836907278767744,5.711813804058302,0.4759844836715252,5.711813804058302,0.4759844836715252,0.10105239968526503,0.0002229292375045035,0.004236656264448227,0.02659329619916864,101.16737507575768,1293.2179250058145,0.9990021332195589,0.9999218658339895,0.015503875968992248,127,223.06431942845984,inf,inf,446.1286388569197,inf,712.7868746528695,68.90916639398768,-3.510479406893281,127,0.9844961240310077,0.9452333688810886,0.9957379296103084
unweighted_source_cp,hust,matr,catboost,100,789,0.95,unweighted,53,12,129,,12.0,1.0,12.0,1.0,12.0,1.0,1.0,1.0,1.0,1.0,0.07692307692307693,0.07692307692307693,0.0,129,inf,inf,inf,inf,inf,712.7868746528695,68.90916639398768,-3.510479406893281,129,1.0,0.9710823800431218,0.9999999999999999
importance_weighted_source_cp,hust,matr,catboost,100,789,0.95,5,53,12,129,0.9836907278767744,11.999999999999998,0.9999999999999999,5.711813804058302,0.4759844836715252,2.4000000000000004,0.2,0.2,0.2,5.0,5.0,0.6756756756756757,0.6756756756756757,0.0,129,inf,inf,inf,inf,inf,712.7868746528695,68.90916639398768,-3.510479406893281,129,1.0,0.9710823800431218,0.9999999999999999
importance_weighted_source_cp,hust,matr,catboost,100,789,0.95,10,53,12,129,0.9836907278767744,11.999999999999998,0.9999999999999999,5.711813804058302,0.4759844836715252,1.2000000000000002,0.1,0.1,0.1,10.0,10.0,0.8928571428571429,0.8928571428571429,0.0,129,inf,inf,inf,inf,inf,712.7868746528695,68.90916639398768,-3.510479406893281,129,1.0,0.9710823800431218,0.9999999999999999
importance_weighted_source_cp,hust,matr,catboost,100,789,0.95,20,53,12,129,0.9836907278767744,11.999999999999998,0.9999999999999999,5.711813804058302,0.4759844836715252,0.6000000000000001,0.05,0.05,0.05,20.0,20.0,0.9708737864077669,0.9708737864077669,0.0,129,inf,inf,inf,inf,inf,712.7868746528695,68.90916639398768,-3.510479406893281,129,1.0,0.9710823800431218,0.9999999999999999
importance_weighted_source_cp,hust,matr,catboost,100,789,0.95,inf,53,12,129,0.9836907278767744,5.711813804058302,0.4759844836715252,5.711813804058302,0.4759844836715252,0.10105239968526503,0.0002229292375045035,0.004236656264448227,0.02659329619916864,101.16737507575768,1293.2179250058145,0.9990021332195589,0.9999218658339895,0.015503875968992248,127,310.8123466577458,inf,inf,621.6246933154916,inf,712.7868746528695,68.90916639398768,-3.510479406893281,128,0.9922480620155039,0.9573965598582397,0.9986302794090196
unweighted_source_cp,hust,matr,random_forest,100,789,0.9,unweighted,53,12,129,,12.0,1.0,12.0,1.0,12.0,1.0,1.0,1.0,1.0,1.0,0.07692307692307693,0.07692307692307693,1.0,0,483.8330867971281,967.6661735942561,967.6661735942562,967.6661735942562,6269.9657267097855,708.7656501066538,68.75261733773412,-3.4486727109923816,28,0.21705426356589147,0.1546583613552825,0.2958144003257416
importance_weighted_source_cp,hust,matr,random_forest,100,789,0.9,5,53,12,129,0.9836907278767744,11.999999999999998,0.9999999999999999,5.711813804058302,0.4759844836715252,2.4000000000000004,0.2,0.2,0.2,5.0,5.0,0.6756756756756757,0.6756756756756757,0.023255813953488372,126,483.8330867971281,inf,inf,967.6661735942562,inf,708.7656501066538,68.75261733773412,-3.4486727109923816,127,0.9844961240310077,0.9452333688810886,0.9957379296103084
importance_weighted_source_cp,hust,matr,random_forest,100,789,0.9,10,53,12,129,0.9836907278767744,11.999999999999998,0.9999999999999999,5.711813804058302,0.4759844836715252,1.2000000000000002,0.1,0.1,0.1,10.0,10.0,0.8928571428571429,0.8928571428571429,0.023255813953488372,126,483.8330867971281,inf,inf,967.6661735942562,inf,708.7656501066538,68.75261733773412,-3.4486727109923816,127,0.9844961240310077,0.9452333688810886,0.9957379296103084
importance_weighted_source_cp,hust,matr,random_forest,100,789,0.9,20,53,12,129,0.9836907278767744,11.999999999999998,0.9999999999999999,5.711813804058302,0.4759844836715252,0.6000000000000001,0.05,0.05,0.05,20.0,20.0,0.9708737864077669,0.9708737864077669,0.023255813953488372,126,483.8330867971281,inf,inf,967.6661735942562,inf,708.7656501066538,68.75261733773412,-3.4486727109923816,127,0.9844961240310077,0.9452333688810886,0.9957379296103084
importance_weighted_source_cp,hust,matr,random_forest,100,789,0.9,inf,53,12,129,0.9836907278767744,5.711813804058302,0.4759844836715252,5.711813804058302,0.4759844836715252,0.10105239968526503,0.0002229292375045035,0.004236656264448227,0.02659329619916864,101.16737507575768,1293.2179250058145,0.9990021332195589,0.9999218658339895,0.015503875968992248,127,261.9944096315662,inf,inf,523.9888192631324,inf,708.7656501066538,68.75261733773412,-3.4486727109923816,128,0.9922480620155039,0.9573965598582397,0.9986302794090196
unweighted_source_cp,hust,matr,random_forest,100,789,0.95,unweighted,53,12,129,,12.0,1.0,12.0,1.0,12.0,1.0,1.0,1.0,1.0,1.0,0.07692307692307693,0.07692307692307693,0.0,129,inf,inf,inf,inf,inf,708.7656501066538,68.75261733773412,-3.4486727109923816,129,1.0,0.9710823800431218,0.9999999999999999
importance_weighted_source_cp,hust,matr,random_forest,100,789,0.95,5,53,12,129,0.9836907278767744,11.999999999999998,0.9999999999999999,5.711813804058302,0.4759844836715252,2.4000000000000004,0.2,0.2,0.2,5.0,5.0,0.6756756756756757,0.6756756756756757,0.0,129,inf,inf,inf,inf,inf,708.7656501066538,68.75261733773412,-3.4486727109923816,129,1.0,0.9710823800431218,0.9999999999999999
importance_weighted_source_cp,hust,matr,random_forest,100,789,0.95,10,53,12,129,0.9836907278767744,11.999999999999998,0.9999999999999999,5.711813804058302,0.4759844836715252,1.2000000000000002,0.1,0.1,0.1,10.0,10.0,0.8928571428571429,0.8928571428571429,0.0,129,inf,inf,inf,inf,inf,708.7656501066538,68.75261733773412,-3.4486727109923816,129,1.0,0.9710823800431218,0.9999999999999999
importance_weighted_source_cp,hust,matr,random_forest,100,789,0.95,20,53,12,129,0.9836907278767744,11.999999999999998,0.9999999999999999,5.711813804058302,0.4759844836715252,0.6000000000000001,0.05,0.05,0.05,20.0,20.0,0.9708737864077669,0.9708737864077669,0.0,129,inf,inf,inf,inf,inf,708.7656501066538,68.75261733773412,-3.4486727109923816,129,1.0,0.9710823800431218,0.9999999999999999
importance_weighted_source_cp,hust,matr,random_forest,100,789,0.95,inf,53,12,129,0.9836907278767744,5.711813804058302,0.4759844836715252,5.711813804058302,0.4759844836715252,0.10105239968526503,0.0002229292375045035,0.004236656264448227,0.02659329619916864,101.16737507575768,1293.2179250058145,0.9990021332195589,0.9999218658339895,0.015503875968992248,127,364.87569872810263,inf,inf,729.7513974562053,inf,708.7656501066538,68.75261733773412,-3.4486727109923816,128,0.9922480620155039,0.9573965598582397,0.9986302794090196
unweighted_source_cp,hust,matr,catboost,100,1011,0.9,unweighted,53,12,129,,12.0,1.0,12.0,1.0,12.0,1.0,1.0,1.0,1.0,1.0,0.07692307692307693,0.07692307692307693,1.0,0,304.1104663295025,608.2209326590049,608.220932659005,608.220932659005,8824.178687576878,694.8981449487947,67.71287827896455,-3.387520372262335,19,0.14728682170542637,0.09636447933201657,0.21860841536624637
importance_weighted_source_cp,hust,matr,catboost,100,1011,0.9,5,53,12,129,1.0,11.999999999999998,0.9999999999999999,6.3459573853246525,0.5288297821103877,2.4000000000000004,0.2,0.2,0.2,5.0,5.0,0.6756756756756757,0.6756756756756757,0.0,129,inf,inf,inf,inf,inf,694.8981449487947,67.71287827896455,-3.387520372262335,129,1.0,0.9710823800431218,0.9999999999999999
importance_weighted_source_cp,hust,matr,catboost,100,1011,0.9,10,53,12,129,1.0,11.999999999999998,0.9999999999999999,6.3459573853246525,0.5288297821103877,1.2000000000000002,0.1,0.1,0.1,10.0,10.0,0.8928571428571429,0.8928571428571429,0.0,129,inf,inf,inf,inf,inf,694.8981449487947,67.71287827896455,-3.387520372262335,129,1.0,0.9710823800431218,0.9999999999999999
importance_weighted_source_cp,hust,matr,catboost,100,1011,0.9,20,53,12,129,1.0,11.999999999999998,0.9999999999999999,6.3459573853246525,0.5288297821103877,0.6000000000000001,0.05,0.05,0.05,20.0,20.0,0.9708737864077669,0.9708737864077669,0.0,129,inf,inf,inf,inf,inf,694.8981449487947,67.71287827896455,-3.387520372262335,129,1.0,0.9710823800431218,0.9999999999999999
importance_weighted_source_cp,hust,matr,catboost,100,1011,0.9,inf,53,12,129,1.0,6.3459573853246525,0.5288297821103877,6.3459573853246525,0.5288297821103877,0.07847109520430093,0.00020993612614873128,0.005650276758367195,0.023852827771785448,114.49994691314136,1442.8376313048495,0.999315131971899,0.9999456163147159,0.0,129,inf,inf,inf,inf,inf,694.8981449487947,67.71287827896455,-3.387520372262335,129,1.0,0.9710823800431218,0.9999999999999999
unweighted_source_cp,hust,matr,catboost,100,1011,0.95,unweighted,53,12,129,,12.0,1.0,12.0,1.0,12.0,1.0,1.0,1.0,1.0,1.0,0.07692307692307693,0.07692307692307693,0.0,129,inf,inf,inf,inf,inf,694.8981449487947,67.71287827896455,-3.387520372262335,129,1.0,0.9710823800431218,0.9999999999999999
importance_weighted_source_cp,hust,matr,catboost,100,1011,0.95,5,53,12,129,1.0,11.999999999999998,0.9999999999999999,6.3459573853246525,0.5288297821103877,2.4000000000000004,0.2,0.2,0.2,5.0,5.0,0.6756756756756757,0.6756756756756757,0.0,129,inf,inf,inf,inf,inf,694.8981449487947,67.71287827896455,-3.387520372262335,129,1.0,0.9710823800431218,0.9999999999999999
importance_weighted_source_cp,hust,matr,catboost,100,1011,0.95,10,53,12,129,1.0,11.999999999999998,0.9999999999999999,6.3459573853246525,0.5288297821103877,1.2000000000000002,0.1,0.1,0.1,10.0,10.0,0.8928571428571429,0.8928571428571429,0.0,129,inf,inf,inf,inf,inf,694.8981449487947,67.71287827896455,-3.387520372262335,129,1.0,0.9710823800431218,0.9999999999999999
importance_weighted_source_cp,hust,matr,catboost,100,1011,0.95,20,53,12,129,1.0,11.999999999999998,0.9999999999999999,6.3459573853246525,0.5288297821103877,0.6000000000000001,0.05,0.05,0.05,20.0,20.0,0.9708737864077669,0.9708737864077669,0.0,129,inf,inf,inf,inf,inf,694.8981449487947,67.71287827896455,-3.387520372262335,129,1.0,0.9710823800431218,0.9999999999999999
importance_weighted_source_cp,hust,matr,catboost,100,1011,0.95,inf,53,12,129,1.0,6.3459573853246525,0.5288297821103877,6.3459573853246525,0.5288297821103877,0.07847109520430093,0.00020993612614873128,0.005650276758367195,0.023852827771785448,114.49994691314136,1442.8376313048495,0.999315131971899,0.9999456163147159,0.0,129,inf,inf,inf,inf,inf,694.8981449487947,67.71287827896455,-3.387520372262335,129,1.0,0.9710823800431218,0.9999999999999999
unweighted_source_cp,hust,matr,random_forest,100,1011,0.9,unweighted,53,12,129,,12.0,1.0,12.0,1.0,12.0,1.0,1.0,1.0,1.0,1.0,0.07692307692307693,0.07692307692307693,1.0,0,333.3932078116218,666.7864156232436,666.7864156232436,666.7864156232436,5875.072136905919,564.0858292769442,59.59358124126486,-1.9619237494457886,24,0.18604651162790697,0.12833074623026314,0.2619198523473115
importance_weighted_source_cp,hust,matr,random_forest,100,1011,0.9,5,53,12,129,1.0,11.999999999999998,0.9999999999999999,6.3459573853246525,0.5288297821103877,2.4000000000000004,0.2,0.2,0.2,5.0,5.0,0.6756756756756757,0.6756756756756757,0.0,129,inf,inf,inf,inf,inf,564.0858292769442,59.59358124126486,-1.9619237494457886,129,1.0,0.9710823800431218,0.9999999999999999
importance_weighted_source_cp,hust,matr,random_forest,100,1011,0.9,10,53,12,129,1.0,11.999999999999998,0.9999999999999999,6.3459573853246525,0.5288297821103877,1.2000000000000002,0.1,0.1,0.1,10.0,10.0,0.8928571428571429,0.8928571428571429,0.0,129,inf,inf,inf,inf,inf,564.0858292769442,59.59358124126486,-1.9619237494457886,129,1.0,0.9710823800431218,0.9999999999999999
importance_weighted_source_cp,hust,matr,random_forest,100,1011,0.9,20,53,12,129,1.0,11.999999999999998,0.9999999999999999,6.3459573853246525,0.5288297821103877,0.6000000000000001,0.05,0.05,0.05,20.0,20.0,0.9708737864077669,0.9708737864077669,0.0,129,inf,inf,inf,inf,inf,564.0858292769442,59.59358124126486,-1.9619237494457886,129,1.0,0.9710823800431218,0.9999999999999999
importance_weighted_source_cp,hust,matr,random_forest,100,1011,0.9,inf,53,12,129,1.0,6.3459573853246525,0.5288297821103877,6.3459573853246525,0.5288297821103877,0.07847109520430093,0.00020993612614873128,0.005650276758367195,0.023852827771785448,114.49994691314136,1442.8376313048495,0.999315131971899,0.9999456163147159,0.0,129,inf,inf,inf,inf,inf,564.0858292769442,59.59358124126486,-1.9619237494457886,129,1.0,0.9710823800431218,0.9999999999999999
unweighted_source_cp,hust,matr,random_forest,100,1011,0.95,unweighted,53,12,129,,12.0,1.0,12.0,1.0,12.0,1.0,1.0,1.0,1.0,1.0,0.07692307692307693,0.07692307692307693,0.0,129,inf,inf,inf,inf,inf,564.0858292769442,59.59358124126486,-1.9619237494457886,129,1.0,0.9710823800431218,0.9999999999999999
importance_weighted_source_cp,hust,matr,random_forest,100,1011,0.95,5,53,12,129,1.0,11.999999999999998,0.9999999999999999,6.3459573853246525,0.5288297821103877,2.4000000000000004,0.2,0.2,0.2,5.0,5.0,0.6756756756756757,0.6756756756756757,0.0,129,inf,inf,inf,inf,inf,564.0858292769442,59.59358124126486,-1.9619237494457886,129,1.0,0.9710823800431218,0.9999999999999999
importance_weighted_source_cp,hust,matr,random_forest,100,1011,0.95,10,53,12,129,1.0,11.999999999999998,0.9999999999999999,6.3459573853246525,0.5288297821103877,1.2000000000000002,0.1,0.1,0.1,10.0,10.0,0.8928571428571429,0.8928571428571429,0.0,129,inf,inf,inf,inf,inf,564.0858292769442,59.59358124126486,-1.9619237494457886,129,1.0,0.9710823800431218,0.9999999999999999
importance_weighted_source_cp,hust,matr,random_forest,100,1011,0.95,20,53,12,129,1.0,11.999999999999998,0.9999999999999999,6.3459573853246525,0.5288297821103877,0.6000000000000001,0.05,0.05,0.05,20.0,20.0,0.9708737864077669,0.9708737864077669,0.0,129,inf,inf,inf,inf,inf,564.0858292769442,59.59358124126486,-1.9619237494457886,129,1.0,0.9710823800431218,0.9999999999999999
importance_weighted_source_cp,hust,matr,random_forest,100,1011,0.95,inf,53,12,129,1.0,6.3459573853246525,0.5288297821103877,6.3459573853246525,0.5288297821103877,0.07847109520430093,0.00020993612614873128,0.005650276758367195,0.023852827771785448,114.49994691314136,1442.8376313048495,0.999315131971899,0.9999456163147159,0.0,129,inf,inf,inf,inf,inf,564.0858292769442,59.59358124126486,-1.9619237494457886,129,1.0,0.9710823800431218,0.9999999999999999
