experiment,scenario,source,target,model,n_cycles,seed,train_cells,calibration_cells,test_cells,MAE,SMAPE,R2,best_epoch,epochs_run,best_val_loss,final_train_loss,prediction_log_lower,prediction_log_upper
matr_to_matr,within_split,matr,matr,numpy_1d_cnn,100,42,89,20,20,120.88522227185379,16.688334936217366,0.6984024343893103,68,148,0.23936746037844422,0.13338229891421627,5.5093883366279774,7.633369649679584
hust_to_hust,within_split,hust,hust,numpy_1d_cnn,100,42,53,12,12,301.86751710049475,20.782464669469977,-0.7630880780441858,64,144,1.0248537216155953,0.303408255480638,6.967909201801884,7.6128310304073565
sandia_to_sandia,within_split,sandia,sandia,numpy_1d_cnn,100,42,34,8,8,315.9413205685728,37.328470696906734,0.7827957149878512,145,225,0.19010396264656923,0.1853837604079021,3.8918202981106265,8.143807976771484
luh_to_luh,within_split,luh,luh,numpy_1d_cnn,100,42,74,16,16,97.84672827269483,12.985798220319525,0.792356845349648,412,492,0.043213152301975054,0.01774509984266988,4.127134385045092,7.387090235656757
matr_to_hust,naive_cross,matr,hust,numpy_1d_cnn,100,42,89,20,77,660.6222355933221,62.72092608325257,-7.7509032003914005,68,148,0.23936746037844422,0.13338229891421627,5.5093883366279774,7.633369649679584
matr_to_sandia,naive_cross,matr,sandia,numpy_1d_cnn,100,42,89,20,50,1355.9100512261016,122.24581660776049,-0.8705893872047277,68,148,0.23936746037844422,0.13338229891421627,5.5093883366279774,7.633369649679584
matr_to_luh,naive_cross,matr,luh,numpy_1d_cnn,100,42,89,20,106,1230.692023041705,109.44840866357579,-10.270345251849703,68,148,0.23936746037844422,0.13338229891421627,5.5093883366279774,7.633369649679584
hust_to_matr,naive_cross,hust,matr,numpy_1d_cnn,100,42,53,12,129,785.2988110448181,72.81408676425703,-4.493675781272832,64,144,1.0248537216155953,0.303408255480638,6.967909201801884,7.6128310304073565
hust_to_sandia,naive_cross,hust,sandia,numpy_1d_cnn,100,42,53,12,50,1144.351836233287,123.22375835978112,-0.22556745423934466,64,144,1.0248537216155953,0.303408255480638,6.967909201801884,7.6128310304073565
hust_to_luh,naive_cross,hust,luh,numpy_1d_cnn,100,42,53,12,106,572.1037735849056,83.08933941040746,-1.5317287940418645,64,144,1.0248537216155953,0.303408255480638,6.967909201801884,7.6128310304073565
sandia_to_matr,naive_cross,sandia,matr,numpy_1d_cnn,100,42,34,8,129,2515.1645369512366,125.82114647061992,-49.66660770041985,145,225,0.19010396264656923,0.1853837604079021,3.8918202981106265,8.143807976771484
sandia_to_hust,naive_cross,sandia,hust,numpy_1d_cnn,100,42,34,8,77,1367.8363768642582,61.90341372184606,-28.319455856508,145,225,0.19010396264656923,0.1853837604079021,3.8918202981106265,8.143807976771484
sandia_to_luh,naive_cross,sandia,luh,numpy_1d_cnn,100,42,34,8,106,251.28066526190935,53.54835286076028,0.30119193945746725,145,225,0.19010396264656923,0.1853837604079021,3.8918202981106265,8.143807976771484
luh_to_matr,naive_cross,luh,matr,numpy_1d_cnn,100,42,74,16,129,797.2632864320583,73.00759413127437,-4.723599013276764,412,492,0.043213152301975054,0.01774509984266988,4.127134385045092,7.387090235656757
luh_to_hust,naive_cross,luh,hust,numpy_1d_cnn,100,42,74,16,77,527.1485149823326,44.11849476071368,-4.133713010819691,412,492,0.043213152301975054,0.01774509984266988,4.127134385045092,7.387090235656757
luh_to_sandia,naive_cross,luh,sandia,numpy_1d_cnn,100,42,74,16,50,520.6693738424801,60.19142578203761,0.3386089013513376,412,492,0.043213152301975054,0.01774509984266988,4.127134385045092,7.387090235656757
matr_to_matr,within_split,matr,matr,numpy_1d_cnn,100,123,89,20,20,144.56172774606108,17.12723202341582,0.7396844283427171,41,121,0.2491651811646521,0.17709940804849675,4.890349128221754,7.633369649679584
hust_to_hust,within_split,hust,hust,numpy_1d_cnn,100,123,53,12,12,253.19366826827354,16.987826229524437,-0.29710913384684345,45,125,0.7458281423568618,0.3841698176279199,6.720220155135295,7.6128310304073565
sandia_to_sandia,within_split,sandia,sandia,numpy_1d_cnn,100,123,34,8,8,77.91529994115365,26.31428137017836,0.9912095566760433,177,257,0.0909862664276652,0.037095608614945645,4.499809670330265,8.123854263105914
luh_to_luh,within_split,luh,luh,numpy_1d_cnn,100,123,74,16,16,72.92107321105841,11.833875719303451,0.8679995081108898,350,430,0.025804900560475214,0.035372394198240655,4.0943445622221,7.387090235656757
matr_to_hust,naive_cross,matr,hust,numpy_1d_cnn,100,123,89,20,77,735.7696099334627,69.34445341630914,-8.985817930943998,41,121,0.2491651811646521,0.17709940804849675,4.890349128221754,7.633369649679584
matr_to_sandia,naive_cross,matr,sandia,numpy_1d_cnn,100,123,89,20,50,906.0219544965986,94.09002293641893,-0.06782704710906295,41,121,0.2491651811646521,0.17709940804849675,4.890349128221754,7.633369649679584
matr_to_luh,naive_cross,matr,luh,numpy_1d_cnn,100,123,89,20,106,297.7057543081077,57.78537644083629,0.17437782274371783,41,121,0.2491651811646521,0.17709940804849675,4.890349128221754,7.633369649679584
hust_to_matr,naive_cross,hust,matr,numpy_1d_cnn,100,123,53,12,129,765.1491259867179,71.82852476498776,-4.162536682173752,45,125,0.7458281423568618,0.3841698176279199,6.720220155135295,7.6128310304073565
hust_to_sandia,naive_cross,hust,sandia,numpy_1d_cnn,100,123,53,12,50,814.2960092095396,105.93707385270376,0.25191196487461454,45,125,0.7458281423568618,0.3841698176279199,6.720220155135295,7.6128310304073565
hust_to_luh,naive_cross,hust,luh,numpy_1d_cnn,100,123,53,12,106,431.2358490566038,73.60374493636553,-0.44135443255375595,45,125,0.7458281423568618,0.3841698176279199,6.720220155135295,7.6128310304073565
sandia_to_matr,naive_cross,sandia,matr,numpy_1d_cnn,100,123,34,8,129,2537.6671361531367,125.30475553617897,-50.15810825116837,177,257,0.0909862664276652,0.037095608614945645,4.499809670330265,8.123854263105914
sandia_to_hust,naive_cross,sandia,hust,numpy_1d_cnn,100,123,34,8,77,1872.1740999923165,78.08642102050713,-46.586830295401924,177,257,0.0909862664276652,0.037095608614945645,4.499809670330265,8.123854263105914
sandia_to_luh,naive_cross,sandia,luh,numpy_1d_cnn,100,123,34,8,106,225.96038654573232,41.956871714174845,0.3169317385550604,177,257,0.0909862664276652,0.037095608614945645,4.499809670330265,8.123854263105914
luh_to_matr,naive_cross,luh,matr,numpy_1d_cnn,100,123,74,16,129,808.7642923809057,73.53320425434617,-4.828228980998746,350,430,0.025804900560475214,0.035372394198240655,4.0943445622221,7.387090235656757
luh_to_hust,naive_cross,luh,hust,numpy_1d_cnn,100,123,74,16,77,246.35064935064935,16.68152247095441,-0.20943291906883243,350,430,0.025804900560475214,0.035372394198240655,4.0943445622221,7.387090235656757
luh_to_sandia,naive_cross,luh,sandia,numpy_1d_cnn,100,123,74,16,50,469.42283947878985,59.398268620034,0.5048908799845139,350,430,0.025804900560475214,0.035372394198240655,4.0943445622221,7.387090235656757
matr_to_matr,within_split,matr,matr,numpy_1d_cnn,100,456,89,20,20,154.65066688885838,21.6408933525026,0.6682405154059239,79,159,0.16392766149858146,0.10592395505947898,5.5093883366279774,7.633369649679584
hust_to_hust,within_split,hust,hust,numpy_1d_cnn,100,456,53,12,12,294.61525709264015,19.352294838832197,-0.844562868974519,108,188,0.453356893711743,0.12073166414397188,6.720220155135295,7.6128310304073565
sandia_to_sandia,within_split,sandia,sandia,numpy_1d_cnn,100,456,34,8,8,127.56021108217803,32.94886774706737,0.9352235435951018,84,164,0.034755204717404044,0.15487631454263537,3.8918202981106265,8.143807976771484
luh_to_luh,within_split,luh,luh,numpy_1d_cnn,100,456,74,16,16,104.95824041849556,14.37606441617352,0.8398032312488083,163,243,0.03789763788707885,0.031229399446404016,4.0943445622221,7.387090235656757
matr_to_hust,naive_cross,matr,hust,numpy_1d_cnn,100,456,89,20,77,741.0196643399067,69.89075405003348,-8.775837714335172,79,159,0.16392766149858146,0.10592395505947898,5.5093883366279774,7.633369649679584
matr_to_sandia,naive_cross,matr,sandia,numpy_1d_cnn,100,456,89,20,50,1010.241284217742,104.8941207287291,-0.239709096950119,79,159,0.16392766149858146,0.10592395505947898,5.5093883366279774,7.633369649679584
matr_to_luh,naive_cross,matr,luh,numpy_1d_cnn,100,456,89,20,106,427.5440955499262,70.80532259926208,-0.8162106731405252,79,159,0.16392766149858146,0.10592395505947898,5.5093883366279774,7.633369649679584
hust_to_matr,naive_cross,hust,matr,numpy_1d_cnn,100,456,53,12,129,718.5057754167603,68.49681996927792,-3.8648060664480575,108,188,0.453356893711743,0.12073166414397188,6.720220155135295,7.6128310304073565
hust_to_sandia,naive_cross,hust,sandia,numpy_1d_cnn,100,456,53,12,50,1436.2470710123257,131.05827887774822,-0.9045564058253017,108,188,0.453356893711743,0.12073166414397188,6.720220155135295,7.6128310304073565
hust_to_luh,naive_cross,hust,luh,numpy_1d_cnn,100,456,53,12,106,655.8441522382961,88.06675944592699,-2.2769250562587424,108,188,0.453356893711743,0.12073166414397188,6.720220155135295,7.6128310304073565
sandia_to_matr,naive_cross,sandia,matr,numpy_1d_cnn,100,456,34,8,129,2598.142159278657,126.40038372960096,-52.63095321497416,84,164,0.034755204717404044,0.15487631454263537,3.8918202981106265,8.143807976771484
sandia_to_hust,naive_cross,sandia,hust,numpy_1d_cnn,100,456,34,8,77,1936.4860045778182,79.64615665484376,-49.887329970743934,84,164,0.034755204717404044,0.15487631454263537,3.8918202981106265,8.143807976771484
sandia_to_luh,naive_cross,sandia,luh,numpy_1d_cnn,100,456,34,8,106,243.20053136762667,55.19835268456432,0.35480767280917536,84,164,0.034755204717404044,0.15487631454263537,3.8918202981106265,8.143807976771484
luh_to_matr,naive_cross,luh,matr,numpy_1d_cnn,100,456,74,16,129,831.7809983959721,75.53081909243568,-5.090432535958788,163,243,0.03789763788707885,0.031229399446404016,4.0943445622221,7.387090235656757
luh_to_hust,naive_cross,luh,hust,numpy_1d_cnn,100,456,74,16,77,243.9043354678343,16.52273717678703,-0.19993754349828574,163,243,0.03789763788707885,0.031229399446404016,4.0943445622221,7.387090235656757
luh_to_sandia,naive_cross,luh,sandia,numpy_1d_cnn,100,456,74,16,50,420.72629018262757,58.02877333050219,0.5468559287360136,163,243,0.03789763788707885,0.031229399446404016,4.0943445622221,7.387090235656757
matr_to_matr,within_split,matr,matr,numpy_1d_cnn,100,789,89,20,20,123.51337513717485,16.62197602373694,0.568057487607635,151,231,0.22824640884390032,0.15552158919274284,5.521460917862246,7.633369649679584
hust_to_hust,within_split,hust,hust,numpy_1d_cnn,100,789,53,12,12,228.83187604096375,16.128251197240715,-0.029222936665805443,2,82,0.8997763274889741,0.9864897777993898,6.720220155135295,7.6128310304073565
sandia_to_sandia,within_split,sandia,sandia,numpy_1d_cnn,100,789,34,8,8,71.43075886471115,27.76349978650221,0.9822644931633753,40,120,0.032026784788421504,0.0685923148630322,3.8918202981106265,8.123854263105914
luh_to_luh,within_split,luh,luh,numpy_1d_cnn,100,789,74,16,16,99.6214249482422,14.500986789009634,0.7444804527904729,496,576,0.03634895571250798,0.020298097378017865,4.127134385045092,7.387090235656757
matr_to_hust,naive_cross,matr,hust,numpy_1d_cnn,100,789,89,20,77,776.9525786433386,72.21008699721641,-8.907080398556296,151,231,0.22824640884390032,0.15552158919274284,5.521460917862246,7.633369649679584
matr_to_sandia,naive_cross,matr,sandia,numpy_1d_cnn,100,789,89,20,50,657.5403728489936,76.95918684406581,0.1458121904773525,151,231,0.22824640884390032,0.15552158919274284,5.521460917862246,7.633369649679584
matr_to_luh,naive_cross,matr,luh,numpy_1d_cnn,100,789,89,20,106,251.46850777942524,51.03962640274212,0.30477038074760054,151,231,0.22824640884390032,0.15552158919274284,5.521460917862246,7.633369649679584
hust_to_matr,naive_cross,hust,matr,numpy_1d_cnn,100,789,53,12,129,690.936964662348,67.88610913670755,-3.2044786870833883,2,82,0.8997763274889741,0.9864897777993898,6.720220155135295,7.6128310304073565
hust_to_sandia,naive_cross,hust,sandia,numpy_1d_cnn,100,789,53,12,50,927.4028609565007,114.61033858475469,0.1221175772652876,2,82,0.8997763274889741,0.9864897777993898,6.720220155135295,7.6128310304073565
hust_to_luh,naive_cross,hust,luh,numpy_1d_cnn,100,789,53,12,106,575.611344704242,85.18375950069766,-1.3645327303057315,2,82,0.8997763274889741,0.9864897777993898,6.720220155135295,7.6128310304073565
sandia_to_matr,naive_cross,sandia,matr,numpy_1d_cnn,100,789,34,8,129,2491.2106404671845,124.38730804206773,-48.61036355628144,40,120,0.032026784788421504,0.0685923148630322,3.8918202981106265,8.123854263105914
sandia_to_hust,naive_cross,sandia,hust,numpy_1d_cnn,100,789,34,8,77,1796.2261580036418,75.91433749890439,-43.34109540025825,40,120,0.032026784788421504,0.0685923148630322,3.8918202981106265,8.123854263105914
sandia_to_luh,naive_cross,sandia,luh,numpy_1d_cnn,100,789,34,8,106,250.86714289059162,44.78799232802758,0.1942649996205028,40,120,0.032026784788421504,0.0685923148630322,3.8918202981106265,8.123854263105914
luh_to_matr,naive_cross,luh,matr,numpy_1d_cnn,100,789,74,16,129,246.76163465213017,33.133968765158926,-0.03279033677667309,496,576,0.03634895571250798,0.020298097378017865,4.127134385045092,7.387090235656757
luh_to_hust,naive_cross,luh,hust,numpy_1d_cnn,100,789,74,16,77,760.7766236242106,74.28060276135828,-9.96623642764009,496,576,0.03634895571250798,0.020298097378017865,4.127134385045092,7.387090235656757
luh_to_sandia,naive_cross,luh,sandia,numpy_1d_cnn,100,789,74,16,50,569.3491223737893,60.06262497050876,0.045007368053598173,496,576,0.03634895571250798,0.020298097378017865,4.127134385045092,7.387090235656757
matr_to_matr,within_split,matr,matr,numpy_1d_cnn,100,1011,89,20,20,209.37938990134813,28.44485846983438,0.3883149412763357,23,103,0.21772070017584907,0.40055241506139877,5.5093883366279774,7.633369649679584
hust_to_hust,within_split,hust,hust,numpy_1d_cnn,100,1011,53,12,12,246.61314085700437,17.391880358859567,-0.1002641313182715,6,86,0.8023755344075065,1.0159907559239674,6.836259277277067,7.6128310304073565
sandia_to_sandia,within_split,sandia,sandia,numpy_1d_cnn,100,1011,34,8,8,517.39442271545,55.1181747728672,-0.02962249101576586,253,333,0.03365409927619198,0.023369231074022924,3.8918202981106265,8.143807976771484
luh_to_luh,within_split,luh,luh,numpy_1d_cnn,100,1011,74,16,16,81.73434398476796,11.651363865506005,0.8252523696694983,285,365,0.014243417369791407,0.022702429540298077,4.0943445622221,7.387090235656757
matr_to_hust,naive_cross,matr,hust,numpy_1d_cnn,100,1011,89,20,77,877.5370113308195,78.21455710857926,-11.346562585409387,23,103,0.21772070017584907,0.40055241506139877,5.5093883366279774,7.633369649679584
matr_to_sandia,naive_cross,matr,sandia,numpy_1d_cnn,100,1011,89,20,50,1405.2753863608004,121.78200410412208,-1.0059186847362613,23,103,0.21772070017584907,0.40055241506139877,5.5093883366279774,7.633369649679584
matr_to_luh,naive_cross,matr,luh,numpy_1d_cnn,100,1011,89,20,106,1404.047169811321,117.64764295850252,-12.393818118777055,23,103,0.21772070017584907,0.40055241506139877,5.5093883366279774,7.633369649679584
hust_to_matr,naive_cross,hust,matr,numpy_1d_cnn,100,1011,53,12,129,729.0359763439367,69.82764360165214,-3.7244779403432897,6,86,0.8023755344075065,1.0159907559239674,6.836259277277067,7.6128310304073565
hust_to_sandia,naive_cross,hust,sandia,numpy_1d_cnn,100,1011,53,12,50,1437.847160219143,133.34057661260303,-0.8445702093194107,6,86,0.8023755344075065,1.0159907559239674,6.836259277277067,7.6128310304073565
hust_to_luh,naive_cross,hust,luh,numpy_1d_cnn,100,1011,53,12,106,1207.6757345575393,110.10829653065248,-9.56021012428123,6,86,0.8023755344075065,1.0159907559239674,6.836259277277067,7.6128310304073565
sandia_to_matr,naive_cross,sandia,matr,numpy_1d_cnn,100,1011,34,8,129,2552.295496879356,126.20480423846108,-51.05683426351122,253,333,0.03365409927619198,0.023369231074022924,3.8918202981106265,8.143807976771484
sandia_to_hust,naive_cross,sandia,hust,numpy_1d_cnn,100,1011,34,8,77,1919.0881846720729,79.10803601393927,-49.25767901641901,253,333,0.03365409927619198,0.023369231074022924,3.8918202981106265,8.143807976771484
sandia_to_luh,naive_cross,sandia,luh,numpy_1d_cnn,100,1011,34,8,106,238.39700055983235,42.87634864753262,0.2632283833730358,253,333,0.03365409927619198,0.023369231074022924,3.8918202981106265,8.143807976771484
luh_to_matr,naive_cross,luh,matr,numpy_1d_cnn,100,1011,74,16,129,785.457019481318,75.77755044169811,-4.648659885604277,285,365,0.014243417369791407,0.022702429540298077,4.0943445622221,7.387090235656757
luh_to_hust,naive_cross,luh,hust,numpy_1d_cnn,100,1011,74,16,77,252.8466572539502,18.340191519841305,-0.3955093304102695,285,365,0.014243417369791407,0.022702429540298077,4.0943445622221,7.387090235656757
luh_to_sandia,naive_cross,luh,sandia,numpy_1d_cnn,100,1011,74,16,50,489.16272302711855,76.18023885478989,0.32274812543176445,285,365,0.014243417369791407,0.022702429540298077,4.0943445622221,7.387090235656757
